Country Name,Country ISO3,Year,Indicator Name,Indicator Code,Value
Ukraine,UKR,2023,Agricultural land (sq. km),AG.LND.AGRI.K2,413110
Ukraine,UKR,2022,Agricultural land (sq. km),AG.LND.AGRI.K2,413110
Ukraine,UKR,2021,Agricultural land (sq. km),AG.LND.AGRI.K2,413110
Ukraine,UKR,2020,Agricultural land (sq. km),AG.LND.AGRI.K2,413110
Ukraine,UKR,2019,Agricultural land (sq. km),AG.LND.AGRI.K2,413110
Ukraine,UKR,2018,Agricultural land (sq. km),AG.LND.AGRI.K2,413290
Ukraine,UKR,2017,Agricultural land (sq. km),AG.LND.AGRI.K2,414890
Ukraine,UKR,2016,Agricultural land (sq. km),AG.LND.AGRI.K2,415150
Ukraine,UKR,2015,Agricultural land (sq. km),AG.LND.AGRI.K2,415080
Ukraine,UKR,2014,Agricultural land (sq. km),AG.LND.AGRI.K2,415110
Ukraine,UKR,2013,Agricultural land (sq. km),AG.LND.AGRI.K2,415260
Ukraine,UKR,2012,Agricultural land (sq. km),AG.LND.AGRI.K2,412970
Ukraine,UKR,2011,Agricultural land (sq. km),AG.LND.AGRI.K2,412810
Ukraine,UKR,2010,Agricultural land (sq. km),AG.LND.AGRI.K2,412670
Ukraine,UKR,2009,Agricultural land (sq. km),AG.LND.AGRI.K2,412760
Ukraine,UKR,2008,Agricultural land (sq. km),AG.LND.AGRI.K2,412920
Ukraine,UKR,2007,Agricultural land (sq. km),AG.LND.AGRI.K2,412660
Ukraine,UKR,2006,Agricultural land (sq. km),AG.LND.AGRI.K2,412840
Ukraine,UKR,2005,Agricultural land (sq. km),AG.LND.AGRI.K2,413040
Ukraine,UKR,2004,Agricultural land (sq. km),AG.LND.AGRI.K2,413540
Ukraine,UKR,2003,Agricultural land (sq. km),AG.LND.AGRI.K2,413550
Ukraine,UKR,2002,Agricultural land (sq. km),AG.LND.AGRI.K2,413960
Ukraine,UKR,2001,Agricultural land (sq. km),AG.LND.AGRI.K2,413850
Ukraine,UKR,2000,Agricultural land (sq. km),AG.LND.AGRI.K2,414060
Ukraine,UKR,1999,Agricultural land (sq. km),AG.LND.AGRI.K2,414530
Ukraine,UKR,1998,Agricultural land (sq. km),AG.LND.AGRI.K2,416110
Ukraine,UKR,1997,Agricultural land (sq. km),AG.LND.AGRI.K2,418540
Ukraine,UKR,1996,Agricultural land (sq. km),AG.LND.AGRI.K2,418400
Ukraine,UKR,1995,Agricultural land (sq. km),AG.LND.AGRI.K2,418530
Ukraine,UKR,1994,Agricultural land (sq. km),AG.LND.AGRI.K2,418610
Ukraine,UKR,1993,Agricultural land (sq. km),AG.LND.AGRI.K2,418900
Ukraine,UKR,1992,Agricultural land (sq. km),AG.LND.AGRI.K2,419290
Ukraine,UKR,1991,Agricultural land (sq. km),AG.LND.AGRI.K2,419290
Ukraine,UKR,1990,Agricultural land (sq. km),AG.LND.AGRI.K2,419290
Ukraine,UKR,1989,Agricultural land (sq. km),AG.LND.AGRI.K2,419290
Ukraine,UKR,1988,Agricultural land (sq. km),AG.LND.AGRI.K2,419290
Ukraine,UKR,1987,Agricultural land (sq. km),AG.LND.AGRI.K2,419290
Ukraine,UKR,1986,Agricultural land (sq. km),AG.LND.AGRI.K2,419290
Ukraine,UKR,1985,Agricultural land (sq. km),AG.LND.AGRI.K2,419290
Ukraine,UKR,1984,Agricultural land (sq. km),AG.LND.AGRI.K2,419290
Ukraine,UKR,1983,Agricultural land (sq. km),AG.LND.AGRI.K2,419290
Ukraine,UKR,1982,Agricultural land (sq. km),AG.LND.AGRI.K2,419290
Ukraine,UKR,1981,Agricultural land (sq. km),AG.LND.AGRI.K2,419290
Ukraine,UKR,1980,Agricultural land (sq. km),AG.LND.AGRI.K2,419290
Ukraine,UKR,1979,Agricultural land (sq. km),AG.LND.AGRI.K2,419290
Ukraine,UKR,1978,Agricultural land (sq. km),AG.LND.AGRI.K2,419290
Ukraine,UKR,1977,Agricultural land (sq. km),AG.LND.AGRI.K2,419290
Ukraine,UKR,1976,Agricultural land (sq. km),AG.LND.AGRI.K2,419290
Ukraine,UKR,1975,Agricultural land (sq. km),AG.LND.AGRI.K2,419290
Ukraine,UKR,1974,Agricultural land (sq. km),AG.LND.AGRI.K2,419290
Ukraine,UKR,1973,Agricultural land (sq. km),AG.LND.AGRI.K2,419290
Ukraine,UKR,1972,Agricultural land (sq. km),AG.LND.AGRI.K2,419290
Ukraine,UKR,1971,Agricultural land (sq. km),AG.LND.AGRI.K2,419290
Ukraine,UKR,1970,Agricultural land (sq. km),AG.LND.AGRI.K2,419290
Ukraine,UKR,1969,Agricultural land (sq. km),AG.LND.AGRI.K2,419290
Ukraine,UKR,1968,Agricultural land (sq. km),AG.LND.AGRI.K2,419290
Ukraine,UKR,1967,Agricultural land (sq. km),AG.LND.AGRI.K2,419290
Ukraine,UKR,1966,Agricultural land (sq. km),AG.LND.AGRI.K2,419290
Ukraine,UKR,1965,Agricultural land (sq. km),AG.LND.AGRI.K2,419290
Ukraine,UKR,1964,Agricultural land (sq. km),AG.LND.AGRI.K2,419290
Ukraine,UKR,1963,Agricultural land (sq. km),AG.LND.AGRI.K2,419290
Ukraine,UKR,1962,Agricultural land (sq. km),AG.LND.AGRI.K2,419290
Ukraine,UKR,1961,Agricultural land (sq. km),AG.LND.AGRI.K2,419290
Ukraine,UKR,2023,Agricultural land (% of land area),AG.LND.AGRI.ZS,71.2996202968588
Ukraine,UKR,2022,Agricultural land (% of land area),AG.LND.AGRI.ZS,71.2996202968588
Ukraine,UKR,2021,Agricultural land (% of land area),AG.LND.AGRI.ZS,71.2996202968588
Ukraine,UKR,2020,Agricultural land (% of land area),AG.LND.AGRI.ZS,71.2996202968588
Ukraine,UKR,2019,Agricultural land (% of land area),AG.LND.AGRI.ZS,71.2996202968588
Ukraine,UKR,2018,Agricultural land (% of land area),AG.LND.AGRI.ZS,71.3306869175009
Ukraine,UKR,2017,Agricultural land (% of land area),AG.LND.AGRI.ZS,71.6191955808735
Ukraine,UKR,2016,Agricultural land (% of land area),AG.LND.AGRI.ZS,71.665314436638
Ukraine,UKR,2015,Agricultural land (% of land area),AG.LND.AGRI.ZS,71.6532306789345
Ukraine,UKR,2014,Agricultural land (% of land area),AG.LND.AGRI.ZS,71.658409432236
Ukraine,UKR,2013,Agricultural land (% of land area),AG.LND.AGRI.ZS,71.6805910377684
Ukraine,UKR,2012,Agricultural land (% of land area),AG.LND.AGRI.ZS,71.2853000069046
Ukraine,UKR,2011,Agricultural land (% of land area),AG.LND.AGRI.ZS,71.2576814195954
Ukraine,UKR,2010,Agricultural land (% of land area),AG.LND.AGRI.ZS,71.2335151556998
Ukraine,UKR,2009,Agricultural land (% of land area),AG.LND.AGRI.ZS,71.2490506110613
Ukraine,UKR,2008,Agricultural land (% of land area),AG.LND.AGRI.ZS,71.2766691983705
Ukraine,UKR,2007,Agricultural land (% of land area),AG.LND.AGRI.ZS,71.2305594393524
Ukraine,UKR,2006,Agricultural land (% of land area),AG.LND.AGRI.ZS,71.2579397956366
Ukraine,UKR,2005,Agricultural land (% of land area),AG.LND.AGRI.ZS,71.2899996548034
Ukraine,UKR,2004,Agricultural land (% of land area),AG.LND.AGRI.ZS,71.3812269133842
Ukraine,UKR,2003,Agricultural land (% of land area),AG.LND.AGRI.ZS,71.3829530155004
Ukraine,UKR,2002,Agricultural land (% of land area),AG.LND.AGRI.ZS,71.4537232022646
Ukraine,UKR,2001,Agricultural land (% of land area),AG.LND.AGRI.ZS,71.4335030637784
Ukraine,UKR,2000,Agricultural land (% of land area),AG.LND.AGRI.ZS,71.4697505825494
Ukraine,UKR,1999,Agricultural land (% of land area),AG.LND.AGRI.ZS,71.5508759817036
Ukraine,UKR,1998,Agricultural land (% of land area),AG.LND.AGRI.ZS,71.8235954086476
Ukraine,UKR,1997,Agricultural land (% of land area),AG.LND.AGRI.ZS,72.2430309829982
Ukraine,UKR,1996,Agricultural land (% of land area),AG.LND.AGRI.ZS,72.2188659704842
Ukraine,UKR,1995,Agricultural land (% of land area),AG.LND.AGRI.ZS,72.2413049106758
Ukraine,UKR,1994,Agricultural land (% of land area),AG.LND.AGRI.ZS,72.2551134892552
Ukraine,UKR,1993,Agricultural land (% of land area),AG.LND.AGRI.ZS,72.3051695866057
Ukraine,UKR,1992,Agricultural land (% of land area),AG.LND.AGRI.ZS,72.3724864071805
Ukraine,UKR,2023,Arable land (% of land area),AG.LND.ARBL.ZS,56.8243010010356
Ukraine,UKR,2022,Arable land (% of land area),AG.LND.ARBL.ZS,56.8243010010356
Ukraine,UKR,2021,Arable land (% of land area),AG.LND.ARBL.ZS,56.8243010010356
Ukraine,UKR,2020,Arable land (% of land area),AG.LND.ARBL.ZS,56.8243010010356
Ukraine,UKR,2019,Arable land (% of land area),AG.LND.ARBL.ZS,56.8243010010356
Ukraine,UKR,2018,Arable land (% of land area),AG.LND.ARBL.ZS,56.7638936831205
Ukraine,UKR,2017,Arable land (% of land area),AG.LND.ARBL.ZS,56.5734507163818
Ukraine,UKR,2016,Arable land (% of land area),AG.LND.ARBL.ZS,56.5796060694989
Ukraine,UKR,2015,Arable land (% of land area),AG.LND.ARBL.ZS,56.5778798183984
Ukraine,UKR,2014,Arable land (% of land area),AG.LND.ARBL.ZS,56.569248562896
Ukraine,UKR,2013,Arable land (% of land area),AG.LND.ARBL.ZS,56.5784022647242
Ukraine,UKR,2012,Arable land (% of land area),AG.LND.ARBL.ZS,56.1313263826555
Ukraine,UKR,2011,Arable land (% of land area),AG.LND.ARBL.ZS,56.0985293102258
Ukraine,UKR,2010,Arable land (% of land area),AG.LND.ARBL.ZS,56.0605537526755
Ukraine,UKR,2009,Arable land (% of land area),AG.LND.ARBL.ZS,56.0622799143824
Ukraine,UKR,2008,Arable land (% of land area),AG.LND.ARBL.ZS,56.0553752675551
Ukraine,UKR,2007,Arable land (% of land area),AG.LND.ARBL.ZS,55.9853624013947
Ukraine,UKR,2006,Arable land (% of land area),AG.LND.ARBL.ZS,56.0031759182546
Ukraine,UKR,2005,Arable land (% of land area),AG.LND.ARBL.ZS,56.0115986054058
Ukraine,UKR,2004,Arable land (% of land area),AG.LND.ARBL.ZS,56.0672489384472
Ukraine,UKR,2003,Arable land (% of land area),AG.LND.ARBL.ZS,56.0637967342148
Ukraine,UKR,2002,Arable land (% of land area),AG.LND.ARBL.ZS,56.1742672696517
Ukraine,UKR,2001,Arable land (% of land area),AG.LND.ARBL.ZS,56.161215154915
Ukraine,UKR,2000,Arable land (% of land area),AG.LND.ARBL.ZS,56.2078191076206
Ukraine,UKR,1999,Arable land (% of land area),AG.LND.ARBL.ZS,56.3907827737982
Ukraine,UKR,1998,Arable land (% of land area),AG.LND.ARBL.ZS,56.7152843704151
Ukraine,UKR,1997,Arable land (% of land area),AG.LND.ARBL.ZS,57.1001984983171
Ukraine,UKR,1996,Arable land (% of land area),AG.LND.ARBL.ZS,57.2866143091396
Ukraine,UKR,1995,Arable land (% of land area),AG.LND.ARBL.ZS,57.4540433244153
Ukraine,UKR,1994,Arable land (% of land area),AG.LND.ARBL.ZS,57.4626736860274
Ukraine,UKR,1993,Arable land (% of land area),AG.LND.ARBL.ZS,57.5368947958919
Ukraine,UKR,1992,Arable land (% of land area),AG.LND.ARBL.ZS,57.58522482092
Ukraine,UKR,2015,Rural land area where elevation is below 5 meters (sq. km),AG.LND.EL5M.RU.K2,4586.9536521
Ukraine,UKR,2000,Rural land area where elevation is below 5 meters (sq. km),AG.LND.EL5M.RU.K2,4581.50534845
Ukraine,UKR,1990,Rural land area where elevation is below 5 meters (sq. km),AG.LND.EL5M.RU.K2,4576.93953594
Ukraine,UKR,2015,Rural land area where elevation is below 5 meters (% of total land area),AG.LND.EL5M.RU.ZS,0.782782241795306
Ukraine,UKR,2000,Rural land area where elevation is below 5 meters (% of total land area),AG.LND.EL5M.RU.ZS,0.781852466683126
Ukraine,UKR,1990,Rural land area where elevation is below 5 meters (% of total land area),AG.LND.EL5M.RU.ZS,0.781073292263791
Ukraine,UKR,2015,Urban land area where elevation is below 5 meters (sq. km),AG.LND.EL5M.UR.K2,222.781290524
Ukraine,UKR,2000,Urban land area where elevation is below 5 meters (sq. km),AG.LND.EL5M.UR.K2,228.2295941728
Ukraine,UKR,1990,Urban land area where elevation is below 5 meters (sq. km),AG.LND.EL5M.UR.K2,232.7954066868
Ukraine,UKR,2015,Urban land area where elevation is below 5 meters (% of total land area),AG.LND.EL5M.UR.ZS,0.0380185306530379
Ukraine,UKR,2000,Urban land area where elevation is below 5 meters (% of total land area),AG.LND.EL5M.UR.ZS,0.0389483057647117
Ukraine,UKR,1990,Urban land area where elevation is below 5 meters (% of total land area),AG.LND.EL5M.UR.ZS,0.0397274801856003
Ukraine,UKR,2015,Land area where elevation is below 5 meters (% of total land area),AG.LND.EL5M.ZS,0.820800772448344
Ukraine,UKR,2000,Land area where elevation is below 5 meters (% of total land area),AG.LND.EL5M.ZS,0.820800772447838
Ukraine,UKR,1990,Land area where elevation is below 5 meters (% of total land area),AG.LND.EL5M.ZS,0.820800772449391
Ukraine,UKR,2023,Forest area (sq. km),AG.LND.FRST.K2,97080
Ukraine,UKR,2022,Forest area (sq. km),AG.LND.FRST.K2,97020
Ukraine,UKR,2021,Forest area (sq. km),AG.LND.FRST.K2,96960
Ukraine,UKR,2020,Forest area (sq. km),AG.LND.FRST.K2,96900
Ukraine,UKR,2019,Forest area (sq. km),AG.LND.FRST.K2,96840
Ukraine,UKR,2018,Forest area (sq. km),AG.LND.FRST.K2,96780
Ukraine,UKR,2017,Forest area (sq. km),AG.LND.FRST.K2,96710
Ukraine,UKR,2016,Forest area (sq. km),AG.LND.FRST.K2,96640
Ukraine,UKR,2015,Forest area (sq. km),AG.LND.FRST.K2,96570
Ukraine,UKR,2014,Forest area (sq. km),AG.LND.FRST.K2,96352
Ukraine,UKR,2013,Forest area (sq. km),AG.LND.FRST.K2,96134
Ukraine,UKR,2012,Forest area (sq. km),AG.LND.FRST.K2,95916
Ukraine,UKR,2011,Forest area (sq. km),AG.LND.FRST.K2,95698
Ukraine,UKR,2010,Forest area (sq. km),AG.LND.FRST.K2,95480
Ukraine,UKR,2009,Forest area (sq. km),AG.LND.FRST.K2,95442
Ukraine,UKR,2008,Forest area (sq. km),AG.LND.FRST.K2,95404
Ukraine,UKR,2007,Forest area (sq. km),AG.LND.FRST.K2,95366
Ukraine,UKR,2006,Forest area (sq. km),AG.LND.FRST.K2,95328
Ukraine,UKR,2005,Forest area (sq. km),AG.LND.FRST.K2,95290
Ukraine,UKR,2004,Forest area (sq. km),AG.LND.FRST.K2,95252
Ukraine,UKR,2003,Forest area (sq. km),AG.LND.FRST.K2,95214
Ukraine,UKR,2002,Forest area (sq. km),AG.LND.FRST.K2,95176
Ukraine,UKR,2001,Forest area (sq. km),AG.LND.FRST.K2,95138
Ukraine,UKR,2000,Forest area (sq. km),AG.LND.FRST.K2,95100
Ukraine,UKR,1999,Forest area (sq. km),AG.LND.FRST.K2,94864
Ukraine,UKR,1998,Forest area (sq. km),AG.LND.FRST.K2,94628
Ukraine,UKR,1997,Forest area (sq. km),AG.LND.FRST.K2,94392
Ukraine,UKR,1996,Forest area (sq. km),AG.LND.FRST.K2,94156
Ukraine,UKR,1995,Forest area (sq. km),AG.LND.FRST.K2,93920
Ukraine,UKR,1994,Forest area (sq. km),AG.LND.FRST.K2,93684
Ukraine,UKR,1993,Forest area (sq. km),AG.LND.FRST.K2,93448
Ukraine,UKR,1992,Forest area (sq. km),AG.LND.FRST.K2,93212
Ukraine,UKR,2023,Forest area (% of land area),AG.LND.FRST.ZS,16.7552640662755
Ukraine,UKR,2022,Forest area (% of land area),AG.LND.FRST.ZS,16.7449085260614
Ukraine,UKR,2021,Forest area (% of land area),AG.LND.FRST.ZS,16.7345529858474
Ukraine,UKR,2020,Forest area (% of land area),AG.LND.FRST.ZS,16.7241974456334
Ukraine,UKR,2019,Forest area (% of land area),AG.LND.FRST.ZS,16.7138419054194
Ukraine,UKR,2018,Forest area (% of land area),AG.LND.FRST.ZS,16.7034863652054
Ukraine,UKR,2017,Forest area (% of land area),AG.LND.FRST.ZS,16.6942862074918
Ukraine,UKR,2016,Forest area (% of land area),AG.LND.FRST.ZS,16.6824906350878
Ukraine,UKR,2015,Forest area (% of land area),AG.LND.FRST.ZS,16.6704068773844
Ukraine,UKR,2014,Forest area (% of land area),AG.LND.FRST.ZS,16.6327746033938
Ukraine,UKR,2013,Forest area (% of land area),AG.LND.FRST.ZS,16.594282952427
Ukraine,UKR,2012,Forest area (% of land area),AG.LND.FRST.ZS,16.5566526272181
Ukraine,UKR,2011,Forest area (% of land area),AG.LND.FRST.ZS,16.5190223020093
Ukraine,UKR,2010,Forest area (% of land area),AG.LND.FRST.ZS,16.4813919768004
Ukraine,UKR,2009,Forest area (% of land area),AG.LND.FRST.ZS,16.4748325623144
Ukraine,UKR,2008,Forest area (% of land area),AG.LND.FRST.ZS,16.4682731478285
Ukraine,UKR,2007,Forest area (% of land area),AG.LND.FRST.ZS,16.4614295824487
Ukraine,UKR,2006,Forest area (% of land area),AG.LND.FRST.ZS,16.4540182270091
Ukraine,UKR,2005,Forest area (% of land area),AG.LND.FRST.ZS,16.4468915047119
Ukraine,UKR,2004,Forest area (% of land area),AG.LND.FRST.ZS,16.4414678772396
Ukraine,UKR,2003,Forest area (% of land area),AG.LND.FRST.ZS,16.4349086891981
Ukraine,UKR,2002,Forest area (% of land area),AG.LND.FRST.ZS,16.4283495011565
Ukraine,UKR,2001,Forest area (% of land area),AG.LND.FRST.ZS,16.4215068611375
Ukraine,UKR,2000,Forest area (% of land area),AG.LND.FRST.ZS,16.4149477863122
Ukraine,UKR,1999,Forest area (% of land area),AG.LND.FRST.ZS,16.3742124795029
Ukraine,UKR,1998,Forest area (% of land area),AG.LND.FRST.ZS,16.3334771726935
Ukraine,UKR,1997,Forest area (% of land area),AG.LND.FRST.ZS,16.2927418658842
Ukraine,UKR,1996,Forest area (% of land area),AG.LND.FRST.ZS,16.2520065590748
Ukraine,UKR,1995,Forest area (% of land area),AG.LND.FRST.ZS,16.2112712522655
Ukraine,UKR,1994,Forest area (% of land area),AG.LND.FRST.ZS,16.1705359454561
Ukraine,UKR,1993,Forest area (% of land area),AG.LND.FRST.ZS,16.1298006386468
Ukraine,UKR,1992,Forest area (% of land area),AG.LND.FRST.ZS,16.0890653318374
Ukraine,UKR,2023,Agricultural irrigated land (% of total agricultural land),AG.LND.IRIG.AG.ZS,0.239645614969379
Ukraine,UKR,2022,Agricultural irrigated land (% of total agricultural land),AG.LND.IRIG.AG.ZS,0.242066277746847
Ukraine,UKR,2021,Agricultural irrigated land (% of total agricultural land),AG.LND.IRIG.AG.ZS,1.06993294764106
Ukraine,UKR,2020,Agricultural irrigated land (% of total agricultural land),AG.LND.IRIG.AG.ZS,1.05298830819878
Ukraine,UKR,2019,Agricultural irrigated land (% of total agricultural land),AG.LND.IRIG.AG.ZS,0.987630413207136
Ukraine,UKR,2018,Agricultural irrigated land (% of total agricultural land),AG.LND.IRIG.AG.ZS,0.965423794430061
Ukraine,UKR,2017,Agricultural irrigated land (% of total agricultural land),AG.LND.IRIG.AG.ZS,0.899033478753405
Ukraine,UKR,2016,Agricultural irrigated land (% of total agricultural land),AG.LND.IRIG.AG.ZS,0.792484644104541
Ukraine,UKR,2015,Agricultural irrigated land (% of total agricultural land),AG.LND.IRIG.AG.ZS,0.756480678423436
Ukraine,UKR,2014,Agricultural irrigated land (% of total agricultural land),AG.LND.IRIG.AG.ZS,0.7467900074679
Ukraine,UKR,2013,Agricultural irrigated land (% of total agricultural land),AG.LND.IRIG.AG.ZS,0.968068198237249
Ukraine,UKR,2012,Agricultural irrigated land (% of total agricultural land),AG.LND.IRIG.AG.ZS,0.910477758674964
Ukraine,UKR,2011,Agricultural irrigated land (% of total agricultural land),AG.LND.IRIG.AG.ZS,0.898718538795087
Ukraine,UKR,2010,Agricultural irrigated land (% of total agricultural land),AG.LND.IRIG.AG.ZS,0.896600189013013
Ukraine,UKR,2009,Agricultural irrigated land (% of total agricultural land),AG.LND.IRIG.AG.ZS,0.981199728655877
Ukraine,UKR,2003,Agricultural irrigated land (% of total agricultural land),AG.LND.IRIG.AG.ZS,1.76858904606456
Ukraine,UKR,2002,Agricultural irrigated land (% of total agricultural land),AG.LND.IRIG.AG.ZS,1.76369697555319
Ukraine,UKR,2001,Agricultural irrigated land (% of total agricultural land),AG.LND.IRIG.AG.ZS,1.31279449075752
Ukraine,UKR,2022,Average precipitation in depth (mm per year),AG.LND.PRCP.MM,565
Ukraine,UKR,2021,Average precipitation in depth (mm per year),AG.LND.PRCP.MM,565
Ukraine,UKR,2020,Average precipitation in depth (mm per year),AG.LND.PRCP.MM,565
Ukraine,UKR,2019,Average precipitation in depth (mm per year),AG.LND.PRCP.MM,565
Ukraine,UKR,2018,Average precipitation in depth (mm per year),AG.LND.PRCP.MM,565
Ukraine,UKR,2017,Average precipitation in depth (mm per year),AG.LND.PRCP.MM,565
Ukraine,UKR,2016,Average precipitation in depth (mm per year),AG.LND.PRCP.MM,565
Ukraine,UKR,2015,Average precipitation in depth (mm per year),AG.LND.PRCP.MM,565
Ukraine,UKR,2014,Average precipitation in depth (mm per year),AG.LND.PRCP.MM,565
Ukraine,UKR,2013,Average precipitation in depth (mm per year),AG.LND.PRCP.MM,565
Ukraine,UKR,2012,Average precipitation in depth (mm per year),AG.LND.PRCP.MM,565
Ukraine,UKR,2011,Average precipitation in depth (mm per year),AG.LND.PRCP.MM,565
Ukraine,UKR,2010,Average precipitation in depth (mm per year),AG.LND.PRCP.MM,565
Ukraine,UKR,2009,Average precipitation in depth (mm per year),AG.LND.PRCP.MM,565
Ukraine,UKR,2008,Average precipitation in depth (mm per year),AG.LND.PRCP.MM,565
Ukraine,UKR,2007,Average precipitation in depth (mm per year),AG.LND.PRCP.MM,565
Ukraine,UKR,2006,Average precipitation in depth (mm per year),AG.LND.PRCP.MM,565
Ukraine,UKR,2005,Average precipitation in depth (mm per year),AG.LND.PRCP.MM,565
Ukraine,UKR,2004,Average precipitation in depth (mm per year),AG.LND.PRCP.MM,565
Ukraine,UKR,2003,Average precipitation in depth (mm per year),AG.LND.PRCP.MM,565
Ukraine,UKR,2002,Average precipitation in depth (mm per year),AG.LND.PRCP.MM,565
Ukraine,UKR,2001,Average precipitation in depth (mm per year),AG.LND.PRCP.MM,565
Ukraine,UKR,2000,Average precipitation in depth (mm per year),AG.LND.PRCP.MM,565
Ukraine,UKR,1999,Average precipitation in depth (mm per year),AG.LND.PRCP.MM,565
Ukraine,UKR,1998,Average precipitation in depth (mm per year),AG.LND.PRCP.MM,565
Ukraine,UKR,1997,Average precipitation in depth (mm per year),AG.LND.PRCP.MM,565
Ukraine,UKR,1996,Average precipitation in depth (mm per year),AG.LND.PRCP.MM,565
Ukraine,UKR,1995,Average precipitation in depth (mm per year),AG.LND.PRCP.MM,565
Ukraine,UKR,1994,Average precipitation in depth (mm per year),AG.LND.PRCP.MM,565
Ukraine,UKR,1993,Average precipitation in depth (mm per year),AG.LND.PRCP.MM,565
Ukraine,UKR,1992,Average precipitation in depth (mm per year),AG.LND.PRCP.MM,565
Ukraine,UKR,2023,Cereal yield (kg per hectare),AG.YLD.CREL.KG,5577.1
Ukraine,UKR,2022,Cereal yield (kg per hectare),AG.YLD.CREL.KG,4614.1
Ukraine,UKR,2021,Cereal yield (kg per hectare),AG.YLD.CREL.KG,5454.6
Ukraine,UKR,2020,Cereal yield (kg per hectare),AG.YLD.CREL.KG,4295.5
Ukraine,UKR,2019,Cereal yield (kg per hectare),AG.YLD.CREL.KG,4978.3
Ukraine,UKR,2018,Cereal yield (kg per hectare),AG.YLD.CREL.KG,4850.3
Ukraine,UKR,2017,Cereal yield (kg per hectare),AG.YLD.CREL.KG,4314.6
Ukraine,UKR,2016,Cereal yield (kg per hectare),AG.YLD.CREL.KG,4651.6
Ukraine,UKR,2015,Cereal yield (kg per hectare),AG.YLD.CREL.KG,4140.9
Ukraine,UKR,2014,Cereal yield (kg per hectare),AG.YLD.CREL.KG,4400.2
Ukraine,UKR,2013,Cereal yield (kg per hectare),AG.YLD.CREL.KG,4030.8
Ukraine,UKR,2012,Cereal yield (kg per hectare),AG.YLD.CREL.KG,3156.8
Ukraine,UKR,2011,Cereal yield (kg per hectare),AG.YLD.CREL.KG,3753.7
Ukraine,UKR,2010,Cereal yield (kg per hectare),AG.YLD.CREL.KG,2726.6
Ukraine,UKR,2009,Cereal yield (kg per hectare),AG.YLD.CREL.KG,3003.8
Ukraine,UKR,2008,Cereal yield (kg per hectare),AG.YLD.CREL.KG,3486.9
Ukraine,UKR,2007,Cereal yield (kg per hectare),AG.YLD.CREL.KG,2206.7
Ukraine,UKR,2006,Cereal yield (kg per hectare),AG.YLD.CREL.KG,2427.7
Ukraine,UKR,2005,Cereal yield (kg per hectare),AG.YLD.CREL.KG,2623
Ukraine,UKR,2004,Cereal yield (kg per hectare),AG.YLD.CREL.KG,2845.2
Ukraine,UKR,2003,Cereal yield (kg per hectare),AG.YLD.CREL.KG,2278.4
Ukraine,UKR,2002,Cereal yield (kg per hectare),AG.YLD.CREL.KG,2752.2
Ukraine,UKR,2001,Cereal yield (kg per hectare),AG.YLD.CREL.KG,2729.5
Ukraine,UKR,2000,Cereal yield (kg per hectare),AG.YLD.CREL.KG,1950.8
Ukraine,UKR,1999,Cereal yield (kg per hectare),AG.YLD.CREL.KG,2002.9
Ukraine,UKR,1998,Cereal yield (kg per hectare),AG.YLD.CREL.KG,2109.4
Ukraine,UKR,1997,Cereal yield (kg per hectare),AG.YLD.CREL.KG,2490.3
Ukraine,UKR,1996,Cereal yield (kg per hectare),AG.YLD.CREL.KG,2010.2
Ukraine,UKR,1995,Cereal yield (kg per hectare),AG.YLD.CREL.KG,2512.3
Ukraine,UKR,1994,Cereal yield (kg per hectare),AG.YLD.CREL.KG,2724.6
Ukraine,UKR,1993,Cereal yield (kg per hectare),AG.YLD.CREL.KG,3289.3
Ukraine,UKR,1992,Cereal yield (kg per hectare),AG.YLD.CREL.KG,2834.1
Ukraine,UKR,2024,"Foreign direct investment, net inflows (% of GDP)",BX.KLT.DINV.WD.GD.ZS,2.1065185105382
Ukraine,UKR,2023,"Foreign direct investment, net inflows (% of GDP)",BX.KLT.DINV.WD.GD.ZS,2.52287921090664
Ukraine,UKR,2022,"Foreign direct investment, net inflows (% of GDP)",BX.KLT.DINV.WD.GD.ZS,0.136428578229067
Ukraine,UKR,2021,"Foreign direct investment, net inflows (% of GDP)",BX.KLT.DINV.WD.GD.ZS,3.98166133947207
Ukraine,UKR,2020,"Foreign direct investment, net inflows (% of GDP)",BX.KLT.DINV.WD.GD.ZS,0.194103193490519
Ukraine,UKR,2019,"Foreign direct investment, net inflows (% of GDP)",BX.KLT.DINV.WD.GD.ZS,3.76649676088543
Ukraine,UKR,2018,"Foreign direct investment, net inflows (% of GDP)",BX.KLT.DINV.WD.GD.ZS,3.80086991777664
Ukraine,UKR,2017,"Foreign direct investment, net inflows (% of GDP)",BX.KLT.DINV.WD.GD.ZS,3.28306130596563
Ukraine,UKR,2016,"Foreign direct investment, net inflows (% of GDP)",BX.KLT.DINV.WD.GD.ZS,4.42178946686191
Ukraine,UKR,2015,"Foreign direct investment, net inflows (% of GDP)",BX.KLT.DINV.WD.GD.ZS,-0.217508398305494
Ukraine,UKR,2014,"Foreign direct investment, net inflows (% of GDP)",BX.KLT.DINV.WD.GD.ZS,0.634438528402592
Ukraine,UKR,2013,"Foreign direct investment, net inflows (% of GDP)",BX.KLT.DINV.WD.GD.ZS,2.36694390135139
Ukraine,UKR,2012,"Foreign direct investment, net inflows (% of GDP)",BX.KLT.DINV.WD.GD.ZS,4.47720109403357
Ukraine,UKR,2011,"Foreign direct investment, net inflows (% of GDP)",BX.KLT.DINV.WD.GD.ZS,4.256089748054
Ukraine,UKR,2010,"Foreign direct investment, net inflows (% of GDP)",BX.KLT.DINV.WD.GD.ZS,4.56840018285092
Ukraine,UKR,2009,"Foreign direct investment, net inflows (% of GDP)",BX.KLT.DINV.WD.GD.ZS,3.9234187670663
Ukraine,UKR,2008,"Foreign direct investment, net inflows (% of GDP)",BX.KLT.DINV.WD.GD.ZS,5.68814936936009
Ukraine,UKR,2007,"Foreign direct investment, net inflows (% of GDP)",BX.KLT.DINV.WD.GD.ZS,6.8531805098082
Ukraine,UKR,2006,"Foreign direct investment, net inflows (% of GDP)",BX.KLT.DINV.WD.GD.ZS,5.00872538573992
Ukraine,UKR,2005,"Foreign direct investment, net inflows (% of GDP)",BX.KLT.DINV.WD.GD.ZS,8.7495509827803
Ukraine,UKR,2004,"Foreign direct investment, net inflows (% of GDP)",BX.KLT.DINV.WD.GD.ZS,2.55131815944331
Ukraine,UKR,2003,"Foreign direct investment, net inflows (% of GDP)",BX.KLT.DINV.WD.GD.ZS,2.73791628490563
Ukraine,UKR,2002,"Foreign direct investment, net inflows (% of GDP)",BX.KLT.DINV.WD.GD.ZS,1.57657070830023
Ukraine,UKR,2001,"Foreign direct investment, net inflows (% of GDP)",BX.KLT.DINV.WD.GD.ZS,2.01477599147626
Ukraine,UKR,2000,"Foreign direct investment, net inflows (% of GDP)",BX.KLT.DINV.WD.GD.ZS,1.83783307310592
Ukraine,UKR,1999,"Foreign direct investment, net inflows (% of GDP)",BX.KLT.DINV.WD.GD.ZS,1.57058250563469
Ukraine,UKR,1998,"Foreign direct investment, net inflows (% of GDP)",BX.KLT.DINV.WD.GD.ZS,1.77400963613502
Ukraine,UKR,1997,"Foreign direct investment, net inflows (% of GDP)",BX.KLT.DINV.WD.GD.ZS,1.2422352423285
Ukraine,UKR,1996,"Foreign direct investment, net inflows (% of GDP)",BX.KLT.DINV.WD.GD.ZS,1.16924072792846
Ukraine,UKR,1995,"Foreign direct investment, net inflows (% of GDP)",BX.KLT.DINV.WD.GD.ZS,0.553782708035487
Ukraine,UKR,1994,"Foreign direct investment, net inflows (% of GDP)",BX.KLT.DINV.WD.GD.ZS,0.302571398665359
Ukraine,UKR,1993,"Foreign direct investment, net inflows (% of GDP)",BX.KLT.DINV.WD.GD.ZS,0.304652532051486
Ukraine,UKR,1992,"Foreign direct investment, net inflows (% of GDP)",BX.KLT.DINV.WD.GD.ZS,0.270467973646631
Ukraine,UKR,2023,Access to electricity (% of population),EG.ELC.ACCS.ZS,100
Ukraine,UKR,2022,Access to electricity (% of population),EG.ELC.ACCS.ZS,100
Ukraine,UKR,2021,Access to electricity (% of population),EG.ELC.ACCS.ZS,100
Ukraine,UKR,2020,Access to electricity (% of population),EG.ELC.ACCS.ZS,100
Ukraine,UKR,2019,Access to electricity (% of population),EG.ELC.ACCS.ZS,100
Ukraine,UKR,2018,Access to electricity (% of population),EG.ELC.ACCS.ZS,100
Ukraine,UKR,2017,Access to electricity (% of population),EG.ELC.ACCS.ZS,100
Ukraine,UKR,2016,Access to electricity (% of population),EG.ELC.ACCS.ZS,100
Ukraine,UKR,2015,Access to electricity (% of population),EG.ELC.ACCS.ZS,100
Ukraine,UKR,2014,Access to electricity (% of population),EG.ELC.ACCS.ZS,100
Ukraine,UKR,2013,Access to electricity (% of population),EG.ELC.ACCS.ZS,100
Ukraine,UKR,2012,Access to electricity (% of population),EG.ELC.ACCS.ZS,99.9
Ukraine,UKR,2011,Access to electricity (% of population),EG.ELC.ACCS.ZS,100
Ukraine,UKR,2010,Access to electricity (% of population),EG.ELC.ACCS.ZS,100
Ukraine,UKR,2009,Access to electricity (% of population),EG.ELC.ACCS.ZS,99.9
Ukraine,UKR,2008,Access to electricity (% of population),EG.ELC.ACCS.ZS,99.8
Ukraine,UKR,2007,Access to electricity (% of population),EG.ELC.ACCS.ZS,99.8
Ukraine,UKR,2006,Access to electricity (% of population),EG.ELC.ACCS.ZS,99.5
Ukraine,UKR,2005,Access to electricity (% of population),EG.ELC.ACCS.ZS,99.9
Ukraine,UKR,2004,Access to electricity (% of population),EG.ELC.ACCS.ZS,99.4
Ukraine,UKR,2003,Access to electricity (% of population),EG.ELC.ACCS.ZS,99.3
Ukraine,UKR,2002,Access to electricity (% of population),EG.ELC.ACCS.ZS,99.3
Ukraine,UKR,2001,Access to electricity (% of population),EG.ELC.ACCS.ZS,99.2
Ukraine,UKR,2000,Access to electricity (% of population),EG.ELC.ACCS.ZS,99.1
Ukraine,UKR,1999,Access to electricity (% of population),EG.ELC.ACCS.ZS,100
Ukraine,UKR,1998,Access to electricity (% of population),EG.ELC.ACCS.ZS,100
Ukraine,UKR,1997,Access to electricity (% of population),EG.ELC.ACCS.ZS,100
Ukraine,UKR,1996,Access to electricity (% of population),EG.ELC.ACCS.ZS,100
Ukraine,UKR,1995,Access to electricity (% of population),EG.ELC.ACCS.ZS,100
Ukraine,UKR,1994,Access to electricity (% of population),EG.ELC.ACCS.ZS,100
Ukraine,UKR,1993,Access to electricity (% of population),EG.ELC.ACCS.ZS,100
Ukraine,UKR,1992,Access to electricity (% of population),EG.ELC.ACCS.ZS,100
Ukraine,UKR,1991,Access to electricity (% of population),EG.ELC.ACCS.ZS,100
Ukraine,UKR,1990,Access to electricity (% of population),EG.ELC.ACCS.ZS,100
Ukraine,UKR,2023,Electricity production from coal sources (% of total),EG.ELC.COAL.ZS,22.1703672724508
Ukraine,UKR,2022,Electricity production from coal sources (% of total),EG.ELC.COAL.ZS,21.2397812884037
Ukraine,UKR,2021,Electricity production from coal sources (% of total),EG.ELC.COAL.ZS,23.1366439960991
Ukraine,UKR,2020,Electricity production from coal sources (% of total),EG.ELC.COAL.ZS,26.9879453125526
Ukraine,UKR,2019,Electricity production from coal sources (% of total),EG.ELC.COAL.ZS,29.4535522670801
Ukraine,UKR,2018,Electricity production from coal sources (% of total),EG.ELC.COAL.ZS,30.6638804251938
Ukraine,UKR,2017,Electricity production from coal sources (% of total),EG.ELC.COAL.ZS,31.574967154805
Ukraine,UKR,2016,Electricity production from coal sources (% of total),EG.ELC.COAL.ZS,37.1950441445438
Ukraine,UKR,2015,Electricity production from coal sources (% of total),EG.ELC.COAL.ZS,34.2505590107648
Ukraine,UKR,2014,Electricity production from coal sources (% of total),EG.ELC.COAL.ZS,38.5569254668577
Ukraine,UKR,2013,Electricity production from coal sources (% of total),EG.ELC.COAL.ZS,41.6782849822767
Ukraine,UKR,2012,Electricity production from coal sources (% of total),EG.ELC.COAL.ZS,40.4358450909603
Ukraine,UKR,2011,Electricity production from coal sources (% of total),EG.ELC.COAL.ZS,38.2122412130414
Ukraine,UKR,2010,Electricity production from coal sources (% of total),EG.ELC.COAL.ZS,36.9436736077277
Ukraine,UKR,2009,Electricity production from coal sources (% of total),EG.ELC.COAL.ZS,37.5506137001135
Ukraine,UKR,2008,Electricity production from coal sources (% of total),EG.ELC.COAL.ZS,36.6740053794149
Ukraine,UKR,2007,Electricity production from coal sources (% of total),EG.ELC.COAL.ZS,35.6874614651645
Ukraine,UKR,2006,Electricity production from coal sources (% of total),EG.ELC.COAL.ZS,33.5824098541222
Ukraine,UKR,2005,Electricity production from coal sources (% of total),EG.ELC.COAL.ZS,26.8807610652764
Ukraine,UKR,2004,Electricity production from coal sources (% of total),EG.ELC.COAL.ZS,24.7731452254824
Ukraine,UKR,2003,Electricity production from coal sources (% of total),EG.ELC.COAL.ZS,30.2966289642936
Ukraine,UKR,2002,Electricity production from coal sources (% of total),EG.ELC.COAL.ZS,31.4440466460221
Ukraine,UKR,2001,Electricity production from coal sources (% of total),EG.ELC.COAL.ZS,30.7379229008163
Ukraine,UKR,2000,Electricity production from coal sources (% of total),EG.ELC.COAL.ZS,30.046953833591
Ukraine,UKR,1999,Electricity production from coal sources (% of total),EG.ELC.COAL.ZS,31.2985126655822
Ukraine,UKR,1998,Electricity production from coal sources (% of total),EG.ELC.COAL.ZS,29.0588003842103
Ukraine,UKR,1997,Electricity production from coal sources (% of total),EG.ELC.COAL.ZS,31.006954978034
Ukraine,UKR,1996,Electricity production from coal sources (% of total),EG.ELC.COAL.ZS,30.796891565475
Ukraine,UKR,1995,Electricity production from coal sources (% of total),EG.ELC.COAL.ZS,36.1966415487223
Ukraine,UKR,1994,Electricity production from coal sources (% of total),EG.ELC.COAL.ZS,37.9889809877687
Ukraine,UKR,1993,Electricity production from coal sources (% of total),EG.ELC.COAL.ZS,38.1033987803711
Ukraine,UKR,1992,Electricity production from coal sources (% of total),EG.ELC.COAL.ZS,41.909283870048
Ukraine,UKR,1991,Electricity production from coal sources (% of total),EG.ELC.COAL.ZS,38.2753881650477
Ukraine,UKR,1990,Electricity production from coal sources (% of total),EG.ELC.COAL.ZS,38.1591848344404
Ukraine,UKR,2023,Electricity production from hydroelectric sources (% of total),EG.ELC.HYRO.ZS,11.7424530453958
Ukraine,UKR,2022,Electricity production from hydroelectric sources (% of total),EG.ELC.HYRO.ZS,9.71022494523305
Ukraine,UKR,2021,Electricity production from hydroelectric sources (% of total),EG.ELC.HYRO.ZS,6.54280177818306
Ukraine,UKR,2020,Electricity production from hydroelectric sources (% of total),EG.ELC.HYRO.ZS,5.09612080292709
Ukraine,UKR,2019,Electricity production from hydroelectric sources (% of total),EG.ELC.HYRO.ZS,5.09598354753116
Ukraine,UKR,2018,Electricity production from hydroelectric sources (% of total),EG.ELC.HYRO.ZS,7.51159022229452
Ukraine,UKR,2017,Electricity production from hydroelectric sources (% of total),EG.ELC.HYRO.ZS,6.74143621623354
Ukraine,UKR,2016,Electricity production from hydroelectric sources (% of total),EG.ELC.HYRO.ZS,5.65341823993
Ukraine,UKR,2015,Electricity production from hydroelectric sources (% of total),EG.ELC.HYRO.ZS,4.25886780464559
Ukraine,UKR,2014,Electricity production from hydroelectric sources (% of total),EG.ELC.HYRO.ZS,5.09851327549804
Ukraine,UKR,2013,Electricity production from hydroelectric sources (% of total),EG.ELC.HYRO.ZS,7.44532532141148
Ukraine,UKR,2012,Electricity production from hydroelectric sources (% of total),EG.ELC.HYRO.ZS,5.52801214815113
Ukraine,UKR,2011,Electricity production from hydroelectric sources (% of total),EG.ELC.HYRO.ZS,5.61483062149907
Ukraine,UKR,2010,Electricity production from hydroelectric sources (% of total),EG.ELC.HYRO.ZS,6.96506873980554
Ukraine,UKR,2009,Electricity production from hydroelectric sources (% of total),EG.ELC.HYRO.ZS,6.87482360801525
Ukraine,UKR,2008,Electricity production from hydroelectric sources (% of total),EG.ELC.HYRO.ZS,5.9775892328622
Ukraine,UKR,2007,Electricity production from hydroelectric sources (% of total),EG.ELC.HYRO.ZS,5.22748928667879
Ukraine,UKR,2006,Electricity production from hydroelectric sources (% of total),EG.ELC.HYRO.ZS,6.74006236393441
Ukraine,UKR,2005,Electricity production from hydroelectric sources (% of total),EG.ELC.HYRO.ZS,6.72113084840504
Ukraine,UKR,2004,Electricity production from hydroelectric sources (% of total),EG.ELC.HYRO.ZS,6.52595174704252
Ukraine,UKR,2003,Electricity production from hydroelectric sources (% of total),EG.ELC.HYRO.ZS,5.20625415834997
Ukraine,UKR,2002,Electricity production from hydroelectric sources (% of total),EG.ELC.HYRO.ZS,5.63447569272566
Ukraine,UKR,2001,Electricity production from hydroelectric sources (% of total),EG.ELC.HYRO.ZS,7.05374280230326
Ukraine,UKR,2000,Electricity production from hydroelectric sources (% of total),EG.ELC.HYRO.ZS,6.67852664119689
Ukraine,UKR,1999,Electricity production from hydroelectric sources (% of total),EG.ELC.HYRO.ZS,8.42435510109226
Ukraine,UKR,1998,Electricity production from hydroelectric sources (% of total),EG.ELC.HYRO.ZS,9.20889701542628
Ukraine,UKR,1997,Electricity production from hydroelectric sources (% of total),EG.ELC.HYRO.ZS,5.63589173155358
Ukraine,UKR,1996,Electricity production from hydroelectric sources (% of total),EG.ELC.HYRO.ZS,4.8271452460844
Ukraine,UKR,1995,Electricity production from hydroelectric sources (% of total),EG.ELC.HYRO.ZS,5.23147336845035
Ukraine,UKR,1994,Electricity production from hydroelectric sources (% of total),EG.ELC.HYRO.ZS,6.07474793270321
Ukraine,UKR,1993,Electricity production from hydroelectric sources (% of total),EG.ELC.HYRO.ZS,4.88764973510913
Ukraine,UKR,1992,Electricity production from hydroelectric sources (% of total),EG.ELC.HYRO.ZS,3.20365589013321
Ukraine,UKR,1991,Electricity production from hydroelectric sources (% of total),EG.ELC.HYRO.ZS,4.27941424485885
Ukraine,UKR,1990,Electricity production from hydroelectric sources (% of total),EG.ELC.HYRO.ZS,3.58826777318587
Ukraine,UKR,2023,Electricity production from natural gas sources (% of total),EG.ELC.NGAS.ZS,10.4326667173599
Ukraine,UKR,2022,Electricity production from natural gas sources (% of total),EG.ELC.NGAS.ZS,8.63892995173384
Ukraine,UKR,2021,Electricity production from natural gas sources (% of total),EG.ELC.NGAS.ZS,9.08152538723609
Ukraine,UKR,2020,Electricity production from natural gas sources (% of total),EG.ELC.NGAS.ZS,9.56423888361061
Ukraine,UKR,2019,Electricity production from natural gas sources (% of total),EG.ELC.NGAS.ZS,7.73772065835826
Ukraine,UKR,2018,Electricity production from natural gas sources (% of total),EG.ELC.NGAS.ZS,6.61315247789881
Ukraine,UKR,2017,Electricity production from natural gas sources (% of total),EG.ELC.NGAS.ZS,4.72970807831576
Ukraine,UKR,2016,Electricity production from natural gas sources (% of total),EG.ELC.NGAS.ZS,5.97364087669302
Ukraine,UKR,2015,Electricity production from natural gas sources (% of total),EG.ELC.NGAS.ZS,6.17172321941325
Ukraine,UKR,2014,Electricity production from natural gas sources (% of total),EG.ELC.NGAS.ZS,6.95445743854544
Ukraine,UKR,2013,Electricity production from natural gas sources (% of total),EG.ELC.NGAS.ZS,7.19375234724273
Ukraine,UKR,2012,Electricity production from natural gas sources (% of total),EG.ELC.NGAS.ZS,8.06474320940476
Ukraine,UKR,2011,Electricity production from natural gas sources (% of total),EG.ELC.NGAS.ZS,9.46457516876295
Ukraine,UKR,2010,Electricity production from natural gas sources (% of total),EG.ELC.NGAS.ZS,8.31603363907895
Ukraine,UKR,2009,Electricity production from natural gas sources (% of total),EG.ELC.NGAS.ZS,6.73198209873343
Ukraine,UKR,2008,Electricity production from natural gas sources (% of total),EG.ELC.NGAS.ZS,10.0282471207668
Ukraine,UKR,2007,Electricity production from natural gas sources (% of total),EG.ELC.NGAS.ZS,11.4384130526723
Ukraine,UKR,2006,Electricity production from natural gas sources (% of total),EG.ELC.NGAS.ZS,12.6434344635719
Ukraine,UKR,2005,Electricity production from natural gas sources (% of total),EG.ELC.NGAS.ZS,18.3585498911612
Ukraine,UKR,2004,Electricity production from natural gas sources (% of total),EG.ELC.NGAS.ZS,20.5989075837839
Ukraine,UKR,2003,Electricity production from natural gas sources (% of total),EG.ELC.NGAS.ZS,18.9842537147926
Ukraine,UKR,2002,Electricity production from natural gas sources (% of total),EG.ELC.NGAS.ZS,17.5521199074447
Ukraine,UKR,2001,Electricity production from natural gas sources (% of total),EG.ELC.NGAS.ZS,17.5502393450963
Ukraine,UKR,2000,Electricity production from natural gas sources (% of total),EG.ELC.NGAS.ZS,17.4674093732684
Ukraine,UKR,1999,Electricity production from natural gas sources (% of total),EG.ELC.NGAS.ZS,17.5772716709273
Ukraine,UKR,1998,Electricity production from natural gas sources (% of total),EG.ELC.NGAS.ZS,16.8942611473076
Ukraine,UKR,1997,Electricity production from natural gas sources (% of total),EG.ELC.NGAS.ZS,17.4250851114032
Ukraine,UKR,1996,Electricity production from natural gas sources (% of total),EG.ELC.NGAS.ZS,18.184451269496
Ukraine,UKR,1995,Electricity production from natural gas sources (% of total),EG.ELC.NGAS.ZS,16.8675071385129
Ukraine,UKR,1994,Electricity production from natural gas sources (% of total),EG.ELC.NGAS.ZS,16.8833344832004
Ukraine,UKR,1993,Electricity production from natural gas sources (% of total),EG.ELC.NGAS.ZS,16.914739067271
Ukraine,UKR,1992,Electricity production from natural gas sources (% of total),EG.ELC.NGAS.ZS,16.7251429567091
Ukraine,UKR,1991,Electricity production from natural gas sources (% of total),EG.ELC.NGAS.ZS,16.6608655712763
Ukraine,UKR,1990,Electricity production from natural gas sources (% of total),EG.ELC.NGAS.ZS,16.6944969632071
Ukraine,UKR,2023,Electricity production from nuclear sources (% of total),EG.ELC.NUCL.ZS,49.4154436924949
Ukraine,UKR,2022,Electricity production from nuclear sources (% of total),EG.ELC.NUCL.ZS,55.2727661317613
Ukraine,UKR,2021,Electricity production from nuclear sources (% of total),EG.ELC.NUCL.ZS,54.5904732955913
Ukraine,UKR,2020,Electricity production from nuclear sources (% of total),EG.ELC.NUCL.ZS,51.3466345927079
Ukraine,UKR,2019,Electricity production from nuclear sources (% of total),EG.ELC.NUCL.ZS,53.8481001161274
Ukraine,UKR,2018,Electricity production from nuclear sources (% of total),EG.ELC.NUCL.ZS,52.8038640330845
Ukraine,UKR,2017,Electricity production from nuclear sources (% of total),EG.ELC.NUCL.ZS,54.8441054891531
Ukraine,UKR,2016,Electricity production from nuclear sources (% of total),EG.ELC.NUCL.ZS,49.1878983794426
Ukraine,UKR,2015,Electricity production from nuclear sources (% of total),EG.ELC.NUCL.ZS,53.5349030437067
Ukraine,UKR,2014,Electricity production from nuclear sources (% of total),EG.ELC.NUCL.ZS,48.348083886707
Ukraine,UKR,2013,Electricity production from nuclear sources (% of total),EG.ELC.NUCL.ZS,42.8080482773168
Ukraine,UKR,2012,Electricity production from nuclear sources (% of total),EG.ELC.NUCL.ZS,45.3227606874566
Ukraine,UKR,2011,Electricity production from nuclear sources (% of total),EG.ELC.NUCL.ZS,46.2933705398363
Ukraine,UKR,2010,Electricity production from nuclear sources (% of total),EG.ELC.NUCL.ZS,47.2133370051052
Ukraine,UKR,2009,Electricity production from nuclear sources (% of total),EG.ELC.NUCL.ZS,47.7620536922802
Ukraine,UKR,2008,Electricity production from nuclear sources (% of total),EG.ELC.NUCL.ZS,46.6498083972874
Ukraine,UKR,2007,Electricity production from nuclear sources (% of total),EG.ELC.NUCL.ZS,47.154918955827
Ukraine,UKR,2006,Electricity production from nuclear sources (% of total),EG.ELC.NUCL.ZS,46.6566001830583
Ukraine,UKR,2005,Electricity production from nuclear sources (% of total),EG.ELC.NUCL.ZS,47.7041734970842
Ukraine,UKR,2004,Electricity production from nuclear sources (% of total),EG.ELC.NUCL.ZS,47.7709768616364
Ukraine,UKR,2003,Electricity production from nuclear sources (% of total),EG.ELC.NUCL.ZS,45.1352849855844
Ukraine,UKR,2002,Electricity production from nuclear sources (% of total),EG.ELC.NUCL.ZS,44.8904647334431
Ukraine,UKR,2001,Electricity production from nuclear sources (% of total),EG.ELC.NUCL.ZS,44.0354508244109
Ukraine,UKR,2000,Electricity production from nuclear sources (% of total),EG.ELC.NUCL.ZS,45.1112601709003
Ukraine,UKR,1999,Electricity production from nuclear sources (% of total),EG.ELC.NUCL.ZS,41.8690448524285
Ukraine,UKR,1998,Electricity production from nuclear sources (% of total),EG.ELC.NUCL.ZS,43.5355452430825
Ukraine,UKR,1997,Electricity production from nuclear sources (% of total),EG.ELC.NUCL.ZS,44.6247794968596
Ukraine,UKR,1996,Electricity production from nuclear sources (% of total),EG.ELC.NUCL.ZS,43.4880264063917
Ukraine,UKR,1995,Electricity production from nuclear sources (% of total),EG.ELC.NUCL.ZS,36.3486892968694
Ukraine,UKR,1994,Electricity production from nuclear sources (% of total),EG.ELC.NUCL.ZS,33.92830742847
Ukraine,UKR,1993,Electricity production from nuclear sources (% of total),EG.ELC.NUCL.ZS,32.7277235043887
Ukraine,UKR,1992,Electricity production from nuclear sources (% of total),EG.ELC.NUCL.ZS,29.2051448575185
Ukraine,UKR,1991,Electricity production from nuclear sources (% of total),EG.ELC.NUCL.ZS,26.9593050168112
Ukraine,UKR,1990,Electricity production from nuclear sources (% of total),EG.ELC.NUCL.ZS,25.4919939096826
Ukraine,UKR,2023,Electricity production from oil sources (% of total),EG.ELC.PETR.ZS,0.134970724659722
Ukraine,UKR,2022,Electricity production from oil sources (% of total),EG.ELC.PETR.ZS,0.117548577840312
Ukraine,UKR,2021,Electricity production from oil sources (% of total),EG.ELC.PETR.ZS,0.125384703066226
Ukraine,UKR,2020,Electricity production from oil sources (% of total),EG.ELC.PETR.ZS,0.169803311164568
Ukraine,UKR,2019,Electricity production from oil sources (% of total),EG.ELC.PETR.ZS,0.302969359223049
Ukraine,UKR,2018,Electricity production from oil sources (% of total),EG.ELC.PETR.ZS,0.763922343946494
Ukraine,UKR,2017,Electricity production from oil sources (% of total),EG.ELC.PETR.ZS,0.84147787355401
Ukraine,UKR,2016,Electricity production from oil sources (% of total),EG.ELC.PETR.ZS,0.981327435241504
Ukraine,UKR,2015,Electricity production from oil sources (% of total),EG.ELC.PETR.ZS,0.455761781991911
Ukraine,UKR,2014,Electricity production from oil sources (% of total),EG.ELC.PETR.ZS,0.118150291546784
Ukraine,UKR,2013,Electricity production from oil sources (% of total),EG.ELC.PETR.ZS,0.200641022343178
Ukraine,UKR,2012,Electricity production from oil sources (% of total),EG.ELC.PETR.ZS,0.269009141282595
Ukraine,UKR,2011,Electricity production from oil sources (% of total),EG.ELC.PETR.ZS,0.284691302295997
Ukraine,UKR,2010,Electricity production from oil sources (% of total),EG.ELC.PETR.ZS,0.435316796237846
Ukraine,UKR,2009,Electricity production from oil sources (% of total),EG.ELC.PETR.ZS,0.975699664207259
Ukraine,UKR,2008,Electricity production from oil sources (% of total),EG.ELC.PETR.ZS,0.509902069724694
Ukraine,UKR,2007,Electricity production from oil sources (% of total),EG.ELC.PETR.ZS,0.325603436415611
Ukraine,UKR,2006,Electricity production from oil sources (% of total),EG.ELC.PETR.ZS,0.359394149373517
Ukraine,UKR,2005,Electricity production from oil sources (% of total),EG.ELC.PETR.ZS,0.31496062992126
Ukraine,UKR,2004,Electricity production from oil sources (% of total),EG.ELC.PETR.ZS,0.312903137265666
Ukraine,UKR,2003,Electricity production from oil sources (% of total),EG.ELC.PETR.ZS,0.360390330450211
Ukraine,UKR,2002,Electricity production from oil sources (% of total),EG.ELC.PETR.ZS,0.466229983768289
Ukraine,UKR,2001,Electricity production from oil sources (% of total),EG.ELC.PETR.ZS,0.613394075341674
Ukraine,UKR,2000,Electricity production from oil sources (% of total),EG.ELC.PETR.ZS,0.692350316428009
Ukraine,UKR,1999,Electricity production from oil sources (% of total),EG.ELC.PETR.ZS,0.829072739948873
Ukraine,UKR,1998,Electricity production from oil sources (% of total),EG.ELC.PETR.ZS,1.30076031986668
Ukraine,UKR,1997,Electricity production from oil sources (% of total),EG.ELC.PETR.ZS,1.30728868214964
Ukraine,UKR,1996,Electricity production from oil sources (% of total),EG.ELC.PETR.ZS,2.70348551255287
Ukraine,UKR,1995,Electricity production from oil sources (% of total),EG.ELC.PETR.ZS,5.35568864744508
Ukraine,UKR,1994,Electricity production from oil sources (% of total),EG.ELC.PETR.ZS,5.1246291678576
Ukraine,UKR,1993,Electricity production from oil sources (% of total),EG.ELC.PETR.ZS,7.36648891286004
Ukraine,UKR,1992,Electricity production from oil sources (% of total),EG.ELC.PETR.ZS,8.95677242559123
Ukraine,UKR,1991,Electricity production from oil sources (% of total),EG.ELC.PETR.ZS,13.8250270020059
Ukraine,UKR,1990,Electricity production from oil sources (% of total),EG.ELC.PETR.ZS,16.066056519484
Ukraine,UKR,2021,Renewable electricity output (% of total electricity output),EG.ELC.RNEW.ZS,12.0136593335613
Ukraine,UKR,2020,Renewable electricity output (% of total electricity output),EG.ELC.RNEW.ZS,12.7832582021064
Ukraine,UKR,2019,Renewable electricity output (% of total electricity output),EG.ELC.RNEW.ZS,9.20016089165115
Ukraine,UKR,2018,Renewable electricity output (% of total electricity output),EG.ELC.RNEW.ZS,9.59658518578767
Ukraine,UKR,2017,Renewable electricity output (% of total electricity output),EG.ELC.RNEW.ZS,8.80817124363124
Ukraine,UKR,2016,Renewable electricity output (% of total electricity output),EG.ELC.RNEW.ZS,7.03753957210478
Ukraine,UKR,2015,Renewable electricity output (% of total electricity output),EG.ELC.RNEW.ZS,5.73886560525898
Ukraine,UKR,2014,Renewable electricity output (% of total electricity output),EG.ELC.RNEW.ZS,6.4164688378606
Ukraine,UKR,2013,Renewable electricity output (% of total electricity output),EG.ELC.RNEW.ZS,8.12174279878792
Ukraine,UKR,2012,Renewable electricity output (% of total electricity output),EG.ELC.RNEW.ZS,5.90774243506069
Ukraine,UKR,2011,Renewable electricity output (% of total electricity output),EG.ELC.RNEW.ZS,5.74486529741264
Ukraine,UKR,2010,Renewable electricity output (% of total electricity output),EG.ELC.RNEW.ZS,7.09190374308895
Ukraine,UKR,2009,Renewable electricity output (% of total electricity output),EG.ELC.RNEW.ZS,6.97947805251729
Ukraine,UKR,2008,Renewable electricity output (% of total electricity output),EG.ELC.RNEW.ZS,6.13814088251482
Ukraine,UKR,2007,Renewable electricity output (% of total electricity output),EG.ELC.RNEW.ZS,5.39324640383998
Ukraine,UKR,2006,Renewable electricity output (% of total electricity output),EG.ELC.RNEW.ZS,6.75774765876689
Ukraine,UKR,2005,Renewable electricity output (% of total electricity output),EG.ELC.RNEW.ZS,6.74096369353148
Ukraine,UKR,2004,Renewable electricity output (% of total electricity output),EG.ELC.RNEW.ZS,6.54406719183158
Ukraine,UKR,2003,Renewable electricity output (% of total electricity output),EG.ELC.RNEW.ZS,5.22344200487913
Ukraine,UKR,2002,Renewable electricity output (% of total electricity output),EG.ELC.RNEW.ZS,5.64713872932184
Ukraine,UKR,2001,Renewable electricity output (% of total electricity output),EG.ELC.RNEW.ZS,7.06299285433481
Ukraine,UKR,2000,Renewable electricity output (% of total electricity output),EG.ELC.RNEW.ZS,6.68202630581236
Ukraine,UKR,1999,Renewable electricity output (% of total electricity output),EG.ELC.RNEW.ZS,8.32384382988613
Ukraine,UKR,1998,Renewable electricity output (% of total electricity output),EG.ELC.RNEW.ZS,9.10879401927995
Ukraine,UKR,1997,Renewable electricity output (% of total electricity output),EG.ELC.RNEW.ZS,5.53701643801755
Ukraine,UKR,1996,Renewable electricity output (% of total electricity output),EG.ELC.RNEW.ZS,4.71730077710863
Ukraine,UKR,1995,Renewable electricity output (% of total electricity output),EG.ELC.RNEW.ZS,5.12993639765383
Ukraine,UKR,1994,Renewable electricity output (% of total electricity output),EG.ELC.RNEW.ZS,5.97175269315303
Ukraine,UKR,1993,Renewable electricity output (% of total electricity output),EG.ELC.RNEW.ZS,4.80152758083739
Ukraine,UKR,1992,Renewable electricity output (% of total electricity output),EG.ELC.RNEW.ZS,3.12168348355008
Ukraine,UKR,1991,Renewable electricity output (% of total electricity output),EG.ELC.RNEW.ZS,4.20190682603532
Ukraine,UKR,1990,Renewable electricity output (% of total electricity output),EG.ELC.RNEW.ZS,3.51832951294192
Ukraine,UKR,2021,"Electricity production from renewable sources, excluding hydroelectric (kWh)",EG.ELC.RNWX.KH,8639250000
Ukraine,UKR,2020,"Electricity production from renewable sources, excluding hydroelectric (kWh)",EG.ELC.RNWX.KH,11408250000
Ukraine,UKR,2019,"Electricity production from renewable sources, excluding hydroelectric (kWh)",EG.ELC.RNWX.KH,6326220000
Ukraine,UKR,2018,"Electricity production from renewable sources, excluding hydroelectric (kWh)",EG.ELC.RNWX.KH,3332510000
Ukraine,UKR,2017,"Electricity production from renewable sources, excluding hydroelectric (kWh)",EG.ELC.RNWX.KH,3224830000
Ukraine,UKR,2016,"Electricity production from renewable sources, excluding hydroelectric (kWh)",EG.ELC.RNWX.KH,2277890000
Ukraine,UKR,2015,"Electricity production from renewable sources, excluding hydroelectric (kWh)",EG.ELC.RNWX.KH,2422490000
Ukraine,UKR,2014,"Electricity production from renewable sources, excluding hydroelectric (kWh)",EG.ELC.RNWX.KH,2409460000
Ukraine,UKR,2013,"Electricity production from renewable sources, excluding hydroelectric (kWh)",EG.ELC.RNWX.KH,1314800000
Ukraine,UKR,2012,"Electricity production from renewable sources, excluding hydroelectric (kWh)",EG.ELC.RNWX.KH,755200000
Ukraine,UKR,2011,"Electricity production from renewable sources, excluding hydroelectric (kWh)",EG.ELC.RNWX.KH,253500000
Ukraine,UKR,2010,"Electricity production from renewable sources, excluding hydroelectric (kWh)",EG.ELC.RNWX.KH,239500000
Ukraine,UKR,2009,"Electricity production from renewable sources, excluding hydroelectric (kWh)",EG.ELC.RNWX.KH,181700000
Ukraine,UKR,2008,"Electricity production from renewable sources, excluding hydroelectric (kWh)",EG.ELC.RNWX.KH,309200000
Ukraine,UKR,2007,"Electricity production from renewable sources, excluding hydroelectric (kWh)",EG.ELC.RNWX.KH,325300000
Ukraine,UKR,2006,"Electricity production from renewable sources, excluding hydroelectric (kWh)",EG.ELC.RNWX.KH,34200000
Ukraine,UKR,2005,"Electricity production from renewable sources, excluding hydroelectric (kWh)",EG.ELC.RNWX.KH,36900000
Ukraine,UKR,2004,"Electricity production from renewable sources, excluding hydroelectric (kWh)",EG.ELC.RNWX.KH,33000000
Ukraine,UKR,2003,"Electricity production from renewable sources, excluding hydroelectric (kWh)",EG.ELC.RNWX.KH,31000000
Ukraine,UKR,2002,"Electricity production from renewable sources, excluding hydroelectric (kWh)",EG.ELC.RNWX.KH,22000000
Ukraine,UKR,2001,"Electricity production from renewable sources, excluding hydroelectric (kWh)",EG.ELC.RNWX.KH,16000000
Ukraine,UKR,2000,"Electricity production from renewable sources, excluding hydroelectric (kWh)",EG.ELC.RNWX.KH,6000000
Ukraine,UKR,1999,"Electricity production from renewable sources, excluding hydroelectric (kWh)",EG.ELC.RNWX.KH,-173000000
Ukraine,UKR,1998,"Electricity production from renewable sources, excluding hydroelectric (kWh)",EG.ELC.RNWX.KH,-173000000
Ukraine,UKR,1997,"Electricity production from renewable sources, excluding hydroelectric (kWh)",EG.ELC.RNWX.KH,-176000000
Ukraine,UKR,1996,"Electricity production from renewable sources, excluding hydroelectric (kWh)",EG.ELC.RNWX.KH,-201000000
Ukraine,UKR,1995,"Electricity production from renewable sources, excluding hydroelectric (kWh)",EG.ELC.RNWX.KH,-197000000
Ukraine,UKR,1994,"Electricity production from renewable sources, excluding hydroelectric (kWh)",EG.ELC.RNWX.KH,-209000000
Ukraine,UKR,1993,"Electricity production from renewable sources, excluding hydroelectric (kWh)",EG.ELC.RNWX.KH,-198000000
Ukraine,UKR,1992,"Electricity production from renewable sources, excluding hydroelectric (kWh)",EG.ELC.RNWX.KH,-207000000
Ukraine,UKR,1991,"Electricity production from renewable sources, excluding hydroelectric (kWh)",EG.ELC.RNWX.KH,-216000000
Ukraine,UKR,1990,"Electricity production from renewable sources, excluding hydroelectric (kWh)",EG.ELC.RNWX.KH,-209000000
Ukraine,UKR,2021,"Electricity production from renewable sources, excluding hydroelectric (% of total)",EG.ELC.RNWX.ZS,5.47085755537824
Ukraine,UKR,2020,"Electricity production from renewable sources, excluding hydroelectric (% of total)",EG.ELC.RNWX.ZS,7.68713739917928
Ukraine,UKR,2019,"Electricity production from renewable sources, excluding hydroelectric (% of total)",EG.ELC.RNWX.ZS,4.10417734411999
Ukraine,UKR,2018,"Electricity production from renewable sources, excluding hydroelectric (% of total)",EG.ELC.RNWX.ZS,2.08499496349315
Ukraine,UKR,2017,"Electricity production from renewable sources, excluding hydroelectric (% of total)",EG.ELC.RNWX.ZS,2.0667350273977
Ukraine,UKR,2016,"Electricity production from renewable sources, excluding hydroelectric (% of total)",EG.ELC.RNWX.ZS,1.38412133217478
Ukraine,UKR,2015,"Electricity production from renewable sources, excluding hydroelectric (% of total)",EG.ELC.RNWX.ZS,1.47999780061338
Ukraine,UKR,2014,"Electricity production from renewable sources, excluding hydroelectric (% of total)",EG.ELC.RNWX.ZS,1.31795556236257
Ukraine,UKR,2013,"Electricity production from renewable sources, excluding hydroelectric (% of total)",EG.ELC.RNWX.ZS,0.676417477376439
Ukraine,UKR,2012,"Electricity production from renewable sources, excluding hydroelectric (% of total)",EG.ELC.RNWX.ZS,0.379730286909563
Ukraine,UKR,2011,"Electricity production from renewable sources, excluding hydroelectric (% of total)",EG.ELC.RNWX.ZS,0.130034675913577
Ukraine,UKR,2010,"Electricity production from renewable sources, excluding hydroelectric (% of total)",EG.ELC.RNWX.ZS,0.126835003283411
Ukraine,UKR,2009,"Electricity production from renewable sources, excluding hydroelectric (% of total)",EG.ELC.RNWX.ZS,0.104654444502042
Ukraine,UKR,2008,"Electricity production from renewable sources, excluding hydroelectric (% of total)",EG.ELC.RNWX.ZS,0.160551649652623
Ukraine,UKR,2007,"Electricity production from renewable sources, excluding hydroelectric (% of total)",EG.ELC.RNWX.ZS,0.165757117161186
Ukraine,UKR,2006,"Electricity production from renewable sources, excluding hydroelectric (% of total)",EG.ELC.RNWX.ZS,0.017685294832481
Ukraine,UKR,2005,"Electricity production from renewable sources, excluding hydroelectric (% of total)",EG.ELC.RNWX.ZS,0.0198328451264411
Ukraine,UKR,2004,"Electricity production from renewable sources, excluding hydroelectric (% of total)",EG.ELC.RNWX.ZS,0.0181154447890649
Ukraine,UKR,2003,"Electricity production from renewable sources, excluding hydroelectric (% of total)",EG.ELC.RNWX.ZS,0.0171878465291639
Ukraine,UKR,2002,"Electricity production from renewable sources, excluding hydroelectric (% of total)",EG.ELC.RNWX.ZS,0.0126630365961758
Ukraine,UKR,2001,"Electricity production from renewable sources, excluding hydroelectric (% of total)",EG.ELC.RNWX.ZS,0.00925005203154268
Ukraine,UKR,2000,"Electricity production from renewable sources, excluding hydroelectric (% of total)",EG.ELC.RNWX.ZS,0.00349966461547435
Ukraine,UKR,1999,"Electricity production from renewable sources, excluding hydroelectric (% of total)",EG.ELC.RNWX.ZS,-0.100511271206135
Ukraine,UKR,1998,"Electricity production from renewable sources, excluding hydroelectric (% of total)",EG.ELC.RNWX.ZS,-0.100102996146324
Ukraine,UKR,1997,"Electricity production from renewable sources, excluding hydroelectric (% of total)",EG.ELC.RNWX.ZS,-0.0988752935360277
Ukraine,UKR,1996,"Electricity production from renewable sources, excluding hydroelectric (% of total)",EG.ELC.RNWX.ZS,-0.109844468975769
Ukraine,UKR,1995,"Electricity production from renewable sources, excluding hydroelectric (% of total)",EG.ELC.RNWX.ZS,-0.101536970796524
Ukraine,UKR,1994,"Electricity production from renewable sources, excluding hydroelectric (% of total)",EG.ELC.RNWX.ZS,-0.102995239550172
Ukraine,UKR,1993,"Electricity production from renewable sources, excluding hydroelectric (% of total)",EG.ELC.RNWX.ZS,-0.0861221542717458
Ukraine,UKR,1992,"Electricity production from renewable sources, excluding hydroelectric (% of total)",EG.ELC.RNWX.ZS,-0.0819724065831366
Ukraine,UKR,1991,"Electricity production from renewable sources, excluding hydroelectric (% of total)",EG.ELC.RNWX.ZS,-0.0775074188235379
Ukraine,UKR,1990,"Electricity production from renewable sources, excluding hydroelectric (% of total)",EG.ELC.RNWX.ZS,-0.0699382602439473
Ukraine,UKR,2021,Renewable energy consumption (% of total final energy consumption),EG.FEC.RNEW.ZS,8.9
Ukraine,UKR,2020,Renewable energy consumption (% of total final energy consumption),EG.FEC.RNEW.ZS,8.7
Ukraine,UKR,2019,Renewable energy consumption (% of total final energy consumption),EG.FEC.RNEW.ZS,7.4
Ukraine,UKR,2018,Renewable energy consumption (% of total final energy consumption),EG.FEC.RNEW.ZS,6.9
Ukraine,UKR,2017,Renewable energy consumption (% of total final energy consumption),EG.FEC.RNEW.ZS,6.5
Ukraine,UKR,2016,Renewable energy consumption (% of total final energy consumption),EG.FEC.RNEW.ZS,5.5
Ukraine,UKR,2015,Renewable energy consumption (% of total final energy consumption),EG.FEC.RNEW.ZS,4.2
Ukraine,UKR,2014,Renewable energy consumption (% of total final energy consumption),EG.FEC.RNEW.ZS,3.5
Ukraine,UKR,2013,Renewable energy consumption (% of total final energy consumption),EG.FEC.RNEW.ZS,3.5
Ukraine,UKR,2012,Renewable energy consumption (% of total final energy consumption),EG.FEC.RNEW.ZS,2.9
Ukraine,UKR,2011,Renewable energy consumption (% of total final energy consumption),EG.FEC.RNEW.ZS,2.7
Ukraine,UKR,2010,Renewable energy consumption (% of total final energy consumption),EG.FEC.RNEW.ZS,2.9
Ukraine,UKR,2009,Renewable energy consumption (% of total final energy consumption),EG.FEC.RNEW.ZS,3
Ukraine,UKR,2008,Renewable energy consumption (% of total final energy consumption),EG.FEC.RNEW.ZS,2.7
Ukraine,UKR,2007,Renewable energy consumption (% of total final energy consumption),EG.FEC.RNEW.ZS,2.4
Ukraine,UKR,2006,Renewable energy consumption (% of total final energy consumption),EG.FEC.RNEW.ZS,1.8
Ukraine,UKR,2005,Renewable energy consumption (% of total final energy consumption),EG.FEC.RNEW.ZS,1.3
Ukraine,UKR,2004,Renewable energy consumption (% of total final energy consumption),EG.FEC.RNEW.ZS,1.2
Ukraine,UKR,2003,Renewable energy consumption (% of total final energy consumption),EG.FEC.RNEW.ZS,1
Ukraine,UKR,2002,Renewable energy consumption (% of total final energy consumption),EG.FEC.RNEW.ZS,1
Ukraine,UKR,2001,Renewable energy consumption (% of total final energy consumption),EG.FEC.RNEW.ZS,1.2
Ukraine,UKR,2000,Renewable energy consumption (% of total final energy consumption),EG.FEC.RNEW.ZS,1.2
Ukraine,UKR,1999,Renewable energy consumption (% of total final energy consumption),EG.FEC.RNEW.ZS,1.4
Ukraine,UKR,1998,Renewable energy consumption (% of total final energy consumption),EG.FEC.RNEW.ZS,1.6
Ukraine,UKR,1997,Renewable energy consumption (% of total final energy consumption),EG.FEC.RNEW.ZS,1
Ukraine,UKR,1996,Renewable energy consumption (% of total final energy consumption),EG.FEC.RNEW.ZS,0.9
Ukraine,UKR,1995,Renewable energy consumption (% of total final energy consumption),EG.FEC.RNEW.ZS,1
Ukraine,UKR,1994,Renewable energy consumption (% of total final energy consumption),EG.FEC.RNEW.ZS,1.1
Ukraine,UKR,1993,Renewable energy consumption (% of total final energy consumption),EG.FEC.RNEW.ZS,0.9
Ukraine,UKR,1992,Renewable energy consumption (% of total final energy consumption),EG.FEC.RNEW.ZS,0.6
Ukraine,UKR,1991,Renewable energy consumption (% of total final energy consumption),EG.FEC.RNEW.ZS,0.7
Ukraine,UKR,1990,Renewable energy consumption (% of total final energy consumption),EG.FEC.RNEW.ZS,0.7
Ukraine,UKR,2023,"Energy use (kg of oil equivalent) per $1,000 GDP (constant 2021 PPP)",EG.USE.COMM.GD.PP.KD,101.40518316006
Ukraine,UKR,2022,"Energy use (kg of oil equivalent) per $1,000 GDP (constant 2021 PPP)",EG.USE.COMM.GD.PP.KD,114.198837226057
Ukraine,UKR,2021,"Energy use (kg of oil equivalent) per $1,000 GDP (constant 2021 PPP)",EG.USE.COMM.GD.PP.KD,124.388963327075
Ukraine,UKR,2020,"Energy use (kg of oil equivalent) per $1,000 GDP (constant 2021 PPP)",EG.USE.COMM.GD.PP.KD,119.681491710964
Ukraine,UKR,2019,"Energy use (kg of oil equivalent) per $1,000 GDP (constant 2021 PPP)",EG.USE.COMM.GD.PP.KD,119.185539391312
Ukraine,UKR,2018,"Energy use (kg of oil equivalent) per $1,000 GDP (constant 2021 PPP)",EG.USE.COMM.GD.PP.KD,128.735502285095
Ukraine,UKR,2017,"Energy use (kg of oil equivalent) per $1,000 GDP (constant 2021 PPP)",EG.USE.COMM.GD.PP.KD,127.363736582222
Ukraine,UKR,2016,"Energy use (kg of oil equivalent) per $1,000 GDP (constant 2021 PPP)",EG.USE.COMM.GD.PP.KD,133.55826510103
Ukraine,UKR,2015,"Energy use (kg of oil equivalent) per $1,000 GDP (constant 2021 PPP)",EG.USE.COMM.GD.PP.KD,138.66724440788
Ukraine,UKR,2014,"Energy use (kg of oil equivalent) per $1,000 GDP (constant 2021 PPP)",EG.USE.COMM.GD.PP.KD,142.416032707523
Ukraine,UKR,2013,"Energy use (kg of oil equivalent) per $1,000 GDP (constant 2021 PPP)",EG.USE.COMM.GD.PP.KD,140.751208532504
Ukraine,UKR,2012,"Energy use (kg of oil equivalent) per $1,000 GDP (constant 2021 PPP)",EG.USE.COMM.GD.PP.KD,148.525816230215
Ukraine,UKR,2011,"Energy use (kg of oil equivalent) per $1,000 GDP (constant 2021 PPP)",EG.USE.COMM.GD.PP.KD,153.671323312526
Ukraine,UKR,2010,"Energy use (kg of oil equivalent) per $1,000 GDP (constant 2021 PPP)",EG.USE.COMM.GD.PP.KD,169.451371661249
Ukraine,UKR,2009,"Energy use (kg of oil equivalent) per $1,000 GDP (constant 2021 PPP)",EG.USE.COMM.GD.PP.KD,152.455765782577
Ukraine,UKR,2008,"Energy use (kg of oil equivalent) per $1,000 GDP (constant 2021 PPP)",EG.USE.COMM.GD.PP.KD,152.292875730575
Ukraine,UKR,2007,"Energy use (kg of oil equivalent) per $1,000 GDP (constant 2021 PPP)",EG.USE.COMM.GD.PP.KD,161.199599005179
Ukraine,UKR,2006,"Energy use (kg of oil equivalent) per $1,000 GDP (constant 2021 PPP)",EG.USE.COMM.GD.PP.KD,169.607563624955
Ukraine,UKR,2005,"Energy use (kg of oil equivalent) per $1,000 GDP (constant 2021 PPP)",EG.USE.COMM.GD.PP.KD,189.921083589074
Ukraine,UKR,2004,"Energy use (kg of oil equivalent) per $1,000 GDP (constant 2021 PPP)",EG.USE.COMM.GD.PP.KD,196.92243811609
Ukraine,UKR,2003,"Energy use (kg of oil equivalent) per $1,000 GDP (constant 2021 PPP)",EG.USE.COMM.GD.PP.KD,218.398645190806
Ukraine,UKR,2002,"Energy use (kg of oil equivalent) per $1,000 GDP (constant 2021 PPP)",EG.USE.COMM.GD.PP.KD,230.385636296549
Ukraine,UKR,2001,"Energy use (kg of oil equivalent) per $1,000 GDP (constant 2021 PPP)",EG.USE.COMM.GD.PP.KD,239.994059687209
Ukraine,UKR,2000,"Energy use (kg of oil equivalent) per $1,000 GDP (constant 2021 PPP)",EG.USE.COMM.GD.PP.KD,260.525314045831
Ukraine,UKR,1999,"Energy use (kg of oil equivalent) per $1,000 GDP (constant 2021 PPP)",EG.USE.COMM.GD.PP.KD,278.51148256511
Ukraine,UKR,1998,"Energy use (kg of oil equivalent) per $1,000 GDP (constant 2021 PPP)",EG.USE.COMM.GD.PP.KD,279.257441396371
Ukraine,UKR,1997,"Energy use (kg of oil equivalent) per $1,000 GDP (constant 2021 PPP)",EG.USE.COMM.GD.PP.KD,289.699017613516
Ukraine,UKR,1996,"Energy use (kg of oil equivalent) per $1,000 GDP (constant 2021 PPP)",EG.USE.COMM.GD.PP.KD,293.688283506799
Ukraine,UKR,1995,"Energy use (kg of oil equivalent) per $1,000 GDP (constant 2021 PPP)",EG.USE.COMM.GD.PP.KD,288.509332384501
Ukraine,UKR,1994,"Energy use (kg of oil equivalent) per $1,000 GDP (constant 2021 PPP)",EG.USE.COMM.GD.PP.KD,256.52126625402
Ukraine,UKR,1993,"Energy use (kg of oil equivalent) per $1,000 GDP (constant 2021 PPP)",EG.USE.COMM.GD.PP.KD,232.119176334809
Ukraine,UKR,1992,"Energy use (kg of oil equivalent) per $1,000 GDP (constant 2021 PPP)",EG.USE.COMM.GD.PP.KD,224.726996263798
Ukraine,UKR,1991,"Energy use (kg of oil equivalent) per $1,000 GDP (constant 2021 PPP)",EG.USE.COMM.GD.PP.KD,232.735542405116
Ukraine,UKR,1990,"Energy use (kg of oil equivalent) per $1,000 GDP (constant 2021 PPP)",EG.USE.COMM.GD.PP.KD,212.20905720917
Ukraine,UKR,2023,Electric power consumption (kWh per capita),EG.USE.ELEC.KH.PC,2516.32291831974
Ukraine,UKR,2022,Electric power consumption (kWh per capita),EG.USE.ELEC.KH.PC,2419.58552420309
Ukraine,UKR,2021,Electric power consumption (kWh per capita),EG.USE.ELEC.KH.PC,3165.17617696616
Ukraine,UKR,2020,Electric power consumption (kWh per capita),EG.USE.ELEC.KH.PC,2921.70902184587
Ukraine,UKR,2019,Electric power consumption (kWh per capita),EG.USE.ELEC.KH.PC,2973.07734792301
Ukraine,UKR,2018,Electric power consumption (kWh per capita),EG.USE.ELEC.KH.PC,3025.31091937259
Ukraine,UKR,2017,Electric power consumption (kWh per capita),EG.USE.ELEC.KH.PC,2950.78525877728
Ukraine,UKR,2016,Electric power consumption (kWh per capita),EG.USE.ELEC.KH.PC,3160.98233213565
Ukraine,UKR,2015,Electric power consumption (kWh per capita),EG.USE.ELEC.KH.PC,3164.58073859117
Ukraine,UKR,2014,Electric power consumption (kWh per capita),EG.USE.ELEC.KH.PC,3366.56488091328
Ukraine,UKR,2013,Electric power consumption (kWh per capita),EG.USE.ELEC.KH.PC,3550.4978995928
Ukraine,UKR,2012,Electric power consumption (kWh per capita),EG.USE.ELEC.KH.PC,3591.96708179709
Ukraine,UKR,2011,Electric power consumption (kWh per capita),EG.USE.ELEC.KH.PC,3614.87283809077
Ukraine,UKR,2010,Electric power consumption (kWh per capita),EG.USE.ELEC.KH.PC,3510.37518229883
Ukraine,UKR,2009,Electric power consumption (kWh per capita),EG.USE.ELEC.KH.PC,3188.4621159984
Ukraine,UKR,2008,Electric power consumption (kWh per capita),EG.USE.ELEC.KH.PC,3492.00941708178
Ukraine,UKR,2007,Electric power consumption (kWh per capita),EG.USE.ELEC.KH.PC,3487.42546076415
Ukraine,UKR,2006,Electric power consumption (kWh per capita),EG.USE.ELEC.KH.PC,3364.22152439321
Ukraine,UKR,2005,Electric power consumption (kWh per capita),EG.USE.ELEC.KH.PC,3213.26496636921
Ukraine,UKR,2004,Electric power consumption (kWh per capita),EG.USE.ELEC.KH.PC,3116.47637396524
Ukraine,UKR,2003,Electric power consumption (kWh per capita),EG.USE.ELEC.KH.PC,2966.81354679411
Ukraine,UKR,2002,Electric power consumption (kWh per capita),EG.USE.ELEC.KH.PC,2817.06367288674
Ukraine,UKR,2001,Electric power consumption (kWh per capita),EG.USE.ELEC.KH.PC,2766.4976712518
Ukraine,UKR,2000,Electric power consumption (kWh per capita),EG.USE.ELEC.KH.PC,2757.08653488754
Ukraine,UKR,1999,Electric power consumption (kWh per capita),EG.USE.ELEC.KH.PC,2775.20734467593
Ukraine,UKR,1998,Electric power consumption (kWh per capita),EG.USE.ELEC.KH.PC,2826.19611446516
Ukraine,UKR,1997,Electric power consumption (kWh per capita),EG.USE.ELEC.KH.PC,2947.35540484517
Ukraine,UKR,1996,Electric power consumption (kWh per capita),EG.USE.ELEC.KH.PC,3050.28047318605
Ukraine,UKR,1995,Electric power consumption (kWh per capita),EG.USE.ELEC.KH.PC,3338.99545691375
Ukraine,UKR,1994,Electric power consumption (kWh per capita),EG.USE.ELEC.KH.PC,3464.82077981492
Ukraine,UKR,1993,Electric power consumption (kWh per capita),EG.USE.ELEC.KH.PC,3940.37255994379
Ukraine,UKR,1992,Electric power consumption (kWh per capita),EG.USE.ELEC.KH.PC,4299.23963095021
Ukraine,UKR,1991,Electric power consumption (kWh per capita),EG.USE.ELEC.KH.PC,4628.09186129426
Ukraine,UKR,1990,Electric power consumption (kWh per capita),EG.USE.ELEC.KH.PC,4772.57388333659
Ukraine,UKR,2023,Energy use (kg of oil equivalent per capita),EG.USE.PCAP.KG.OE,1508.27791300021
Ukraine,UKR,2022,Energy use (kg of oil equivalent per capita),EG.USE.PCAP.KG.OE,1479.47224953939
Ukraine,UKR,2021,Energy use (kg of oil equivalent per capita),EG.USE.PCAP.KG.OE,2096.06217562326
Ukraine,UKR,2020,Energy use (kg of oil equivalent per capita),EG.USE.PCAP.KG.OE,1932.92182292303
Ukraine,UKR,2019,Energy use (kg of oil equivalent per capita),EG.USE.PCAP.KG.OE,1987.62473314258
Ukraine,UKR,2018,Energy use (kg of oil equivalent per capita),EG.USE.PCAP.KG.OE,2068.75608372619
Ukraine,UKR,2017,Energy use (kg of oil equivalent per capita),EG.USE.PCAP.KG.OE,1967.83535233788
Ukraine,UKR,2016,Energy use (kg of oil equivalent per capita),EG.USE.PCAP.KG.OE,2007.97794185628
Ukraine,UKR,2015,Energy use (kg of oil equivalent per capita),EG.USE.PCAP.KG.OE,2027.641681734
Ukraine,UKR,2014,Energy use (kg of oil equivalent per capita),EG.USE.PCAP.KG.OE,2298.60778628289
Ukraine,UKR,2013,Energy use (kg of oil equivalent per capita),EG.USE.PCAP.KG.OE,2517.91132267143
Ukraine,UKR,2012,Energy use (kg of oil equivalent per capita),EG.USE.PCAP.KG.OE,2650.99861590717
Ukraine,UKR,2011,Energy use (kg of oil equivalent per capita),EG.USE.PCAP.KG.OE,2732.88427034676
Ukraine,UKR,2010,Energy use (kg of oil equivalent per capita),EG.USE.PCAP.KG.OE,2848.78160077932
Ukraine,UKR,2009,Energy use (kg of oil equivalent per capita),EG.USE.PCAP.KG.OE,2453.43957426865
Ukraine,UKR,2008,Energy use (kg of oil equivalent per capita),EG.USE.PCAP.KG.OE,2875.89657843683
Ukraine,UKR,2007,Energy use (kg of oil equivalent per capita),EG.USE.PCAP.KG.OE,2961.88351682898
Ukraine,UKR,2006,Energy use (kg of oil equivalent per capita),EG.USE.PCAP.KG.OE,2866.6234732695
Ukraine,UKR,2005,Energy use (kg of oil equivalent per capita),EG.USE.PCAP.KG.OE,2964.77701596962
Ukraine,UKR,2004,Energy use (kg of oil equivalent per capita),EG.USE.PCAP.KG.OE,2957.98499344051
Ukraine,UKR,2003,Energy use (kg of oil equivalent per capita),EG.USE.PCAP.KG.OE,2914.06696251373
Ukraine,UKR,2002,Energy use (kg of oil equivalent per capita),EG.USE.PCAP.KG.OE,2786.00498673634
Ukraine,UKR,2001,Energy use (kg of oil equivalent per capita),EG.USE.PCAP.KG.OE,2730.9849933122
Ukraine,UKR,2000,Energy use (kg of oil equivalent per capita),EG.USE.PCAP.KG.OE,2700.10061007166
Ukraine,UKR,1999,Energy use (kg of oil equivalent per capita),EG.USE.PCAP.KG.OE,2702.79946004914
Ukraine,UKR,1998,Energy use (kg of oil equivalent per capita),EG.USE.PCAP.KG.OE,2693.73243816097
Ukraine,UKR,1997,Energy use (kg of oil equivalent per capita),EG.USE.PCAP.KG.OE,2825.73860259937
Ukraine,UKR,1996,Energy use (kg of oil equivalent per capita),EG.USE.PCAP.KG.OE,2927.92572780332
Ukraine,UKR,1995,Energy use (kg of oil equivalent per capita),EG.USE.PCAP.KG.OE,3168.70052622854
Ukraine,UKR,1994,Energy use (kg of oil equivalent per capita),EG.USE.PCAP.KG.OE,3183.56375925579
Ukraine,UKR,1993,Energy use (kg of oil equivalent per capita),EG.USE.PCAP.KG.OE,3716.77858553103
Ukraine,UKR,1992,Energy use (kg of oil equivalent per capita),EG.USE.PCAP.KG.OE,4196.07414505054
Ukraine,UKR,1991,Energy use (kg of oil equivalent per capita),EG.USE.PCAP.KG.OE,4837.21284356085
Ukraine,UKR,1990,Energy use (kg of oil equivalent per capita),EG.USE.PCAP.KG.OE,4841.71904895513
Ukraine,UKR,2009,"Droughts, floods, extreme temperatures (% of population, average 1990-2009)",EN.CLC.MDAT.ZS,0.269239353924442
Ukraine,UKR,2015,Rural population living in areas where elevation is below 5 meters (% of total population),EN.POP.EL5M.RU.ZS,0.314809333008069
Ukraine,UKR,2000,Rural population living in areas where elevation is below 5 meters (% of total population),EN.POP.EL5M.RU.ZS,0.272568452189733
Ukraine,UKR,1990,Rural population living in areas where elevation is below 5 meters (% of total population),EN.POP.EL5M.RU.ZS,0.250732282742183
Ukraine,UKR,2015,Urban population living in areas where elevation is below 5 meters (% of total population),EN.POP.EL5M.UR.ZS,0.752524496924324
Ukraine,UKR,2000,Urban population living in areas where elevation is below 5 meters (% of total population),EN.POP.EL5M.UR.ZS,0.74683963731207
Ukraine,UKR,1990,Urban population living in areas where elevation is below 5 meters (% of total population),EN.POP.EL5M.UR.ZS,0.747572137552917
Ukraine,UKR,2015,Population living in areas where elevation is below 5 meters (% of total population),EN.POP.EL5M.ZS,1.06733382993239
Ukraine,UKR,2000,Population living in areas where elevation is below 5 meters (% of total population),EN.POP.EL5M.ZS,1.0194080895018
Ukraine,UKR,1990,Population living in areas where elevation is below 5 meters (% of total population),EN.POP.EL5M.ZS,0.9983044202951
Ukraine,UKR,2025,Population in urban agglomerations of more than 1 million (% of total population),EN.URB.MCTY.TL.ZS,13.9574820930409
Ukraine,UKR,2024,Population in urban agglomerations of more than 1 million (% of total population),EN.URB.MCTY.TL.ZS,14.3866091008819
Ukraine,UKR,2023,Population in urban agglomerations of more than 1 million (% of total population),EN.URB.MCTY.TL.ZS,14.431878377761
Ukraine,UKR,2022,Population in urban agglomerations of more than 1 million (% of total population),EN.URB.MCTY.TL.ZS,13.2562840013266
Ukraine,UKR,2021,Population in urban agglomerations of more than 1 million (% of total population),EN.URB.MCTY.TL.ZS,12.2692231635102
Ukraine,UKR,2020,Population in urban agglomerations of more than 1 million (% of total population),EN.URB.MCTY.TL.ZS,12.1451819598803
Ukraine,UKR,2019,Population in urban agglomerations of more than 1 million (% of total population),EN.URB.MCTY.TL.ZS,12.0468844123705
Ukraine,UKR,2018,Population in urban agglomerations of more than 1 million (% of total population),EN.URB.MCTY.TL.ZS,11.9529277715119
Ukraine,UKR,2017,Population in urban agglomerations of more than 1 million (% of total population),EN.URB.MCTY.TL.ZS,11.8516091663884
Ukraine,UKR,2016,Population in urban agglomerations of more than 1 million (% of total population),EN.URB.MCTY.TL.ZS,11.7635613100007
Ukraine,UKR,2015,Population in urban agglomerations of more than 1 million (% of total population),EN.URB.MCTY.TL.ZS,11.6796661501645
Ukraine,UKR,2014,Population in urban agglomerations of more than 1 million (% of total population),EN.URB.MCTY.TL.ZS,11.5918579808137
Ukraine,UKR,2013,Population in urban agglomerations of more than 1 million (% of total population),EN.URB.MCTY.TL.ZS,11.5133359652107
Ukraine,UKR,2012,Population in urban agglomerations of more than 1 million (% of total population),EN.URB.MCTY.TL.ZS,11.4532992559022
Ukraine,UKR,2011,Population in urban agglomerations of more than 1 million (% of total population),EN.URB.MCTY.TL.ZS,11.3901091462824
Ukraine,UKR,2010,Population in urban agglomerations of more than 1 million (% of total population),EN.URB.MCTY.TL.ZS,11.3152739377944
Ukraine,UKR,2009,Population in urban agglomerations of more than 1 million (% of total population),EN.URB.MCTY.TL.ZS,11.2364945653963
Ukraine,UKR,2008,Population in urban agglomerations of more than 1 million (% of total population),EN.URB.MCTY.TL.ZS,11.1441433985114
Ukraine,UKR,2007,Population in urban agglomerations of more than 1 million (% of total population),EN.URB.MCTY.TL.ZS,11.0338573579922
Ukraine,UKR,2006,Population in urban agglomerations of more than 1 million (% of total population),EN.URB.MCTY.TL.ZS,10.9317380890428
Ukraine,UKR,2005,Population in urban agglomerations of more than 1 million (% of total population),EN.URB.MCTY.TL.ZS,10.8103790990695
Ukraine,UKR,2004,Population in urban agglomerations of more than 1 million (% of total population),EN.URB.MCTY.TL.ZS,10.689007288049
Ukraine,UKR,2003,Population in urban agglomerations of more than 1 million (% of total population),EN.URB.MCTY.TL.ZS,10.599570701819
Ukraine,UKR,2002,Population in urban agglomerations of more than 1 million (% of total population),EN.URB.MCTY.TL.ZS,10.5059709477199
Ukraine,UKR,2001,Population in urban agglomerations of more than 1 million (% of total population),EN.URB.MCTY.TL.ZS,10.4162626582378
Ukraine,UKR,2000,Population in urban agglomerations of more than 1 million (% of total population),EN.URB.MCTY.TL.ZS,10.345747675489
Ukraine,UKR,1999,Population in urban agglomerations of more than 1 million (% of total population),EN.URB.MCTY.TL.ZS,10.2829340845886
Ukraine,UKR,1998,Population in urban agglomerations of more than 1 million (% of total population),EN.URB.MCTY.TL.ZS,10.2246814299187
Ukraine,UKR,1997,Population in urban agglomerations of more than 1 million (% of total population),EN.URB.MCTY.TL.ZS,10.1667684481929
Ukraine,UKR,1996,Population in urban agglomerations of more than 1 million (% of total population),EN.URB.MCTY.TL.ZS,10.1036094699287
Ukraine,UKR,1995,Population in urban agglomerations of more than 1 million (% of total population),EN.URB.MCTY.TL.ZS,10.0417436852831
Ukraine,UKR,1994,Population in urban agglomerations of more than 1 million (% of total population),EN.URB.MCTY.TL.ZS,9.98663530173728
Ukraine,UKR,1993,Population in urban agglomerations of more than 1 million (% of total population),EN.URB.MCTY.TL.ZS,9.9584459452877
Ukraine,UKR,1992,Population in urban agglomerations of more than 1 million (% of total population),EN.URB.MCTY.TL.ZS,9.9877606064758
Ukraine,UKR,1991,Population in urban agglomerations of more than 1 million (% of total population),EN.URB.MCTY.TL.ZS,10.0416072458393
Ukraine,UKR,1990,Population in urban agglomerations of more than 1 million (% of total population),EN.URB.MCTY.TL.ZS,10.0889858956718
Ukraine,UKR,1989,Population in urban agglomerations of more than 1 million (% of total population),EN.URB.MCTY.TL.ZS,10.1405631134298
Ukraine,UKR,1988,Population in urban agglomerations of more than 1 million (% of total population),EN.URB.MCTY.TL.ZS,10.1197348980383
Ukraine,UKR,1987,Population in urban agglomerations of more than 1 million (% of total population),EN.URB.MCTY.TL.ZS,10.0294061627621
Ukraine,UKR,1986,Population in urban agglomerations of more than 1 million (% of total population),EN.URB.MCTY.TL.ZS,9.93815417738684
Ukraine,UKR,1985,Population in urban agglomerations of more than 1 million (% of total population),EN.URB.MCTY.TL.ZS,9.85065381146915
Ukraine,UKR,1984,Population in urban agglomerations of more than 1 million (% of total population),EN.URB.MCTY.TL.ZS,9.76668795083062
Ukraine,UKR,1983,Population in urban agglomerations of more than 1 million (% of total population),EN.URB.MCTY.TL.ZS,9.68916837518252
Ukraine,UKR,1982,Population in urban agglomerations of more than 1 million (% of total population),EN.URB.MCTY.TL.ZS,9.60983973802686
Ukraine,UKR,1981,Population in urban agglomerations of more than 1 million (% of total population),EN.URB.MCTY.TL.ZS,9.52767583978738
Ukraine,UKR,1980,Population in urban agglomerations of more than 1 million (% of total population),EN.URB.MCTY.TL.ZS,9.4507289258173
Ukraine,UKR,1979,Population in urban agglomerations of more than 1 million (% of total population),EN.URB.MCTY.TL.ZS,9.3744761433718
Ukraine,UKR,1978,Population in urban agglomerations of more than 1 million (% of total population),EN.URB.MCTY.TL.ZS,9.23774873744587
Ukraine,UKR,1977,Population in urban agglomerations of more than 1 million (% of total population),EN.URB.MCTY.TL.ZS,9.05485942542193
Ukraine,UKR,1976,Population in urban agglomerations of more than 1 million (% of total population),EN.URB.MCTY.TL.ZS,8.88191411702593
Ukraine,UKR,1975,Population in urban agglomerations of more than 1 million (% of total population),EN.URB.MCTY.TL.ZS,8.71931655124342
Ukraine,UKR,1974,Population in urban agglomerations of more than 1 million (% of total population),EN.URB.MCTY.TL.ZS,8.56635204996977
Ukraine,UKR,1973,Population in urban agglomerations of more than 1 million (% of total population),EN.URB.MCTY.TL.ZS,8.41855503355306
Ukraine,UKR,1972,Population in urban agglomerations of more than 1 million (% of total population),EN.URB.MCTY.TL.ZS,8.27951458710787
Ukraine,UKR,1971,Population in urban agglomerations of more than 1 million (% of total population),EN.URB.MCTY.TL.ZS,8.15034916548861
Ukraine,UKR,1970,Population in urban agglomerations of more than 1 million (% of total population),EN.URB.MCTY.TL.ZS,8.01378192976724
Ukraine,UKR,1969,Population in urban agglomerations of more than 1 million (% of total population),EN.URB.MCTY.TL.ZS,7.84873106958545
Ukraine,UKR,1968,Population in urban agglomerations of more than 1 million (% of total population),EN.URB.MCTY.TL.ZS,7.67839285455705
Ukraine,UKR,1967,Population in urban agglomerations of more than 1 million (% of total population),EN.URB.MCTY.TL.ZS,7.51770361373644
Ukraine,UKR,1966,Population in urban agglomerations of more than 1 million (% of total population),EN.URB.MCTY.TL.ZS,7.36384826345468
Ukraine,UKR,1965,Population in urban agglomerations of more than 1 million (% of total population),EN.URB.MCTY.TL.ZS,7.21425692686778
Ukraine,UKR,1964,Population in urban agglomerations of more than 1 million (% of total population),EN.URB.MCTY.TL.ZS,7.07193826116507
Ukraine,UKR,1963,Population in urban agglomerations of more than 1 million (% of total population),EN.URB.MCTY.TL.ZS,6.9409589753781
Ukraine,UKR,1962,Population in urban agglomerations of more than 1 million (% of total population),EN.URB.MCTY.TL.ZS,6.81832156319019
Ukraine,UKR,1961,Population in urban agglomerations of more than 1 million (% of total population),EN.URB.MCTY.TL.ZS,6.70285180800284
Ukraine,UKR,1960,Population in urban agglomerations of more than 1 million (% of total population),EN.URB.MCTY.TL.ZS,6.59569602559942
Ukraine,UKR,2022,"Annual freshwater withdrawals, total (billion cubic meters)",ER.H2O.FWTL.K3,4.8609
Ukraine,UKR,2021,"Annual freshwater withdrawals, total (billion cubic meters)",ER.H2O.FWTL.K3,8.3671
Ukraine,UKR,2020,"Annual freshwater withdrawals, total (billion cubic meters)",ER.H2O.FWTL.K3,9.459
Ukraine,UKR,2019,"Annual freshwater withdrawals, total (billion cubic meters)",ER.H2O.FWTL.K3,10.596
Ukraine,UKR,2018,"Annual freshwater withdrawals, total (billion cubic meters)",ER.H2O.FWTL.K3,10.705
Ukraine,UKR,2017,"Annual freshwater withdrawals, total (billion cubic meters)",ER.H2O.FWTL.K3,10.705
Ukraine,UKR,2016,"Annual freshwater withdrawals, total (billion cubic meters)",ER.H2O.FWTL.K3,9.325
Ukraine,UKR,2015,"Annual freshwater withdrawals, total (billion cubic meters)",ER.H2O.FWTL.K3,9.109
Ukraine,UKR,2014,"Annual freshwater withdrawals, total (billion cubic meters)",ER.H2O.FWTL.K3,10.899
Ukraine,UKR,2013,"Annual freshwater withdrawals, total (billion cubic meters)",ER.H2O.FWTL.K3,11.88675
Ukraine,UKR,2012,"Annual freshwater withdrawals, total (billion cubic meters)",ER.H2O.FWTL.K3,12.8745
Ukraine,UKR,2011,"Annual freshwater withdrawals, total (billion cubic meters)",ER.H2O.FWTL.K3,13.86225
Ukraine,UKR,2010,"Annual freshwater withdrawals, total (billion cubic meters)",ER.H2O.FWTL.K3,14.85
Ukraine,UKR,2009,"Annual freshwater withdrawals, total (billion cubic meters)",ER.H2O.FWTL.K3,14.8934
Ukraine,UKR,2008,"Annual freshwater withdrawals, total (billion cubic meters)",ER.H2O.FWTL.K3,14.9408
Ukraine,UKR,2007,"Annual freshwater withdrawals, total (billion cubic meters)",ER.H2O.FWTL.K3,14.988
Ukraine,UKR,2006,"Annual freshwater withdrawals, total (billion cubic meters)",ER.H2O.FWTL.K3,15.0356
Ukraine,UKR,2005,"Annual freshwater withdrawals, total (billion cubic meters)",ER.H2O.FWTL.K3,15.08
Ukraine,UKR,2004,"Annual freshwater withdrawals, total (billion cubic meters)",ER.H2O.FWTL.K3,15.7228
Ukraine,UKR,2003,"Annual freshwater withdrawals, total (billion cubic meters)",ER.H2O.FWTL.K3,16.3626
Ukraine,UKR,2002,"Annual freshwater withdrawals, total (billion cubic meters)",ER.H2O.FWTL.K3,17.0024
Ukraine,UKR,2001,"Annual freshwater withdrawals, total (billion cubic meters)",ER.H2O.FWTL.K3,17.6422
Ukraine,UKR,2000,"Annual freshwater withdrawals, total (billion cubic meters)",ER.H2O.FWTL.K3,18.28
Ukraine,UKR,1999,"Annual freshwater withdrawals, total (billion cubic meters)",ER.H2O.FWTL.K3,19.247
Ukraine,UKR,1998,"Annual freshwater withdrawals, total (billion cubic meters)",ER.H2O.FWTL.K3,20.212
Ukraine,UKR,1997,"Annual freshwater withdrawals, total (billion cubic meters)",ER.H2O.FWTL.K3,21.177
Ukraine,UKR,1996,"Annual freshwater withdrawals, total (billion cubic meters)",ER.H2O.FWTL.K3,22.142
Ukraine,UKR,1995,"Annual freshwater withdrawals, total (billion cubic meters)",ER.H2O.FWTL.K3,23.107
Ukraine,UKR,1994,"Annual freshwater withdrawals, total (billion cubic meters)",ER.H2O.FWTL.K3,24.072
Ukraine,UKR,1993,"Annual freshwater withdrawals, total (billion cubic meters)",ER.H2O.FWTL.K3,25.037
Ukraine,UKR,1992,"Annual freshwater withdrawals, total (billion cubic meters)",ER.H2O.FWTL.K3,26
Ukraine,UKR,2022,"Annual freshwater withdrawals, total (% of internal resources)",ER.H2O.FWTL.ZS,8.82196007259528
Ukraine,UKR,2021,"Annual freshwater withdrawals, total (% of internal resources)",ER.H2O.FWTL.ZS,15.1852994555354
Ukraine,UKR,2020,"Annual freshwater withdrawals, total (% of internal resources)",ER.H2O.FWTL.ZS,17.1669691470054
Ukraine,UKR,2019,"Annual freshwater withdrawals, total (% of internal resources)",ER.H2O.FWTL.ZS,19.2304900181488
Ukraine,UKR,2018,"Annual freshwater withdrawals, total (% of internal resources)",ER.H2O.FWTL.ZS,19.4283121597096
Ukraine,UKR,2017,"Annual freshwater withdrawals, total (% of internal resources)",ER.H2O.FWTL.ZS,19.4283121597096
Ukraine,UKR,2016,"Annual freshwater withdrawals, total (% of internal resources)",ER.H2O.FWTL.ZS,16.9237749546279
Ukraine,UKR,2015,"Annual freshwater withdrawals, total (% of internal resources)",ER.H2O.FWTL.ZS,16.5317604355717
Ukraine,UKR,2014,"Annual freshwater withdrawals, total (% of internal resources)",ER.H2O.FWTL.ZS,19.7803992740472
Ukraine,UKR,2013,"Annual freshwater withdrawals, total (% of internal resources)",ER.H2O.FWTL.ZS,21.5730490018149
Ukraine,UKR,2012,"Annual freshwater withdrawals, total (% of internal resources)",ER.H2O.FWTL.ZS,23.3656987295826
Ukraine,UKR,2011,"Annual freshwater withdrawals, total (% of internal resources)",ER.H2O.FWTL.ZS,25.1583484573503
Ukraine,UKR,2010,"Annual freshwater withdrawals, total (% of internal resources)",ER.H2O.FWTL.ZS,26.950998185118
Ukraine,UKR,2009,"Annual freshwater withdrawals, total (% of internal resources)",ER.H2O.FWTL.ZS,27.0297640653358
Ukraine,UKR,2008,"Annual freshwater withdrawals, total (% of internal resources)",ER.H2O.FWTL.ZS,27.1157894736842
Ukraine,UKR,2007,"Annual freshwater withdrawals, total (% of internal resources)",ER.H2O.FWTL.ZS,27.2014519056261
Ukraine,UKR,2006,"Annual freshwater withdrawals, total (% of internal resources)",ER.H2O.FWTL.ZS,27.2878402903811
Ukraine,UKR,2005,"Annual freshwater withdrawals, total (% of internal resources)",ER.H2O.FWTL.ZS,27.3684210526316
Ukraine,UKR,2004,"Annual freshwater withdrawals, total (% of internal resources)",ER.H2O.FWTL.ZS,28.5350272232305
Ukraine,UKR,2003,"Annual freshwater withdrawals, total (% of internal resources)",ER.H2O.FWTL.ZS,29.6961887477314
Ukraine,UKR,2002,"Annual freshwater withdrawals, total (% of internal resources)",ER.H2O.FWTL.ZS,30.8573502722323
Ukraine,UKR,2001,"Annual freshwater withdrawals, total (% of internal resources)",ER.H2O.FWTL.ZS,32.0185117967332
Ukraine,UKR,2000,"Annual freshwater withdrawals, total (% of internal resources)",ER.H2O.FWTL.ZS,33.1760435571688
Ukraine,UKR,1999,"Annual freshwater withdrawals, total (% of internal resources)",ER.H2O.FWTL.ZS,34.9310344827586
Ukraine,UKR,1998,"Annual freshwater withdrawals, total (% of internal resources)",ER.H2O.FWTL.ZS,36.6823956442831
Ukraine,UKR,1997,"Annual freshwater withdrawals, total (% of internal resources)",ER.H2O.FWTL.ZS,38.4337568058076
Ukraine,UKR,1996,"Annual freshwater withdrawals, total (% of internal resources)",ER.H2O.FWTL.ZS,40.1851179673321
Ukraine,UKR,1995,"Annual freshwater withdrawals, total (% of internal resources)",ER.H2O.FWTL.ZS,41.9364791288566
Ukraine,UKR,1994,"Annual freshwater withdrawals, total (% of internal resources)",ER.H2O.FWTL.ZS,43.6878402903811
Ukraine,UKR,1993,"Annual freshwater withdrawals, total (% of internal resources)",ER.H2O.FWTL.ZS,45.4392014519056
Ukraine,UKR,1992,"Annual freshwater withdrawals, total (% of internal resources)",ER.H2O.FWTL.ZS,47.1869328493648
Ukraine,UKR,2024,Terrestrial protected areas (% of total land area),ER.LND.PTLD.ZS,16.8
Ukraine,UKR,2023,Terrestrial protected areas (% of total land area),ER.LND.PTLD.ZS,13
Ukraine,UKR,2022,Terrestrial protected areas (% of total land area),ER.LND.PTLD.ZS,13
Ukraine,UKR,2021,Terrestrial protected areas (% of total land area),ER.LND.PTLD.ZS,13
Ukraine,UKR,2020,Terrestrial protected areas (% of total land area),ER.LND.PTLD.ZS,4.3
Ukraine,UKR,2019,Terrestrial protected areas (% of total land area),ER.LND.PTLD.ZS,4
Ukraine,UKR,2018,Terrestrial protected areas (% of total land area),ER.LND.PTLD.ZS,4
Ukraine,UKR,2017,Terrestrial protected areas (% of total land area),ER.LND.PTLD.ZS,4
Ukraine,UKR,2016,Terrestrial protected areas (% of total land area),ER.LND.PTLD.ZS,4
Ukraine,UKR,2015,Terrestrial protected areas (% of total land area),ER.LND.PTLD.ZS,4
Ukraine,UKR,2014,Terrestrial protected areas (% of total land area),ER.LND.PTLD.ZS,4
Ukraine,UKR,2013,Terrestrial protected areas (% of total land area),ER.LND.PTLD.ZS,4
Ukraine,UKR,2024,Marine protected areas (% of territorial waters),ER.MRN.PTMR.ZS,21.6
Ukraine,UKR,2023,Marine protected areas (% of territorial waters),ER.MRN.PTMR.ZS,9.2
Ukraine,UKR,2022,Marine protected areas (% of territorial waters),ER.MRN.PTMR.ZS,9.2
Ukraine,UKR,2021,Marine protected areas (% of territorial waters),ER.MRN.PTMR.ZS,9.2
Ukraine,UKR,2020,Marine protected areas (% of territorial waters),ER.MRN.PTMR.ZS,3.4
Ukraine,UKR,2019,Marine protected areas (% of territorial waters),ER.MRN.PTMR.ZS,3.4
Ukraine,UKR,2018,Marine protected areas (% of territorial waters),ER.MRN.PTMR.ZS,3.4
Ukraine,UKR,2017,Marine protected areas (% of territorial waters),ER.MRN.PTMR.ZS,3.4
Ukraine,UKR,2016,Marine protected areas (% of territorial waters),ER.MRN.PTMR.ZS,3.4
Ukraine,UKR,2015,Marine protected areas (% of territorial waters),ER.MRN.PTMR.ZS,3.4
Ukraine,UKR,2014,Marine protected areas (% of territorial waters),ER.MRN.PTMR.ZS,3.4
Ukraine,UKR,2013,Marine protected areas (% of territorial waters),ER.MRN.PTMR.ZS,3.4
Ukraine,UKR,2024,Terrestrial and marine protected areas (% of total territorial area),ER.PTD.TOTL.ZS,17.7
Ukraine,UKR,2023,Terrestrial and marine protected areas (% of total territorial area),ER.PTD.TOTL.ZS,12.3
Ukraine,UKR,2022,Terrestrial and marine protected areas (% of total territorial area),ER.PTD.TOTL.ZS,12.3
Ukraine,UKR,2021,Terrestrial and marine protected areas (% of total territorial area),ER.PTD.TOTL.ZS,12.3
Ukraine,UKR,2020,Terrestrial and marine protected areas (% of total territorial area),ER.PTD.TOTL.ZS,4.2
Ukraine,UKR,2019,Terrestrial and marine protected areas (% of total territorial area),ER.PTD.TOTL.ZS,3.9
Ukraine,UKR,2018,Terrestrial and marine protected areas (% of total territorial area),ER.PTD.TOTL.ZS,3.9
Ukraine,UKR,2017,Terrestrial and marine protected areas (% of total territorial area),ER.PTD.TOTL.ZS,3.9
Ukraine,UKR,2016,Terrestrial and marine protected areas (% of total territorial area),ER.PTD.TOTL.ZS,3.9
Ukraine,UKR,2015,Terrestrial and marine protected areas (% of total territorial area),ER.PTD.TOTL.ZS,3.9
Ukraine,UKR,2014,Terrestrial and marine protected areas (% of total territorial area),ER.PTD.TOTL.ZS,3.9
Ukraine,UKR,2013,Terrestrial and marine protected areas (% of total territorial area),ER.PTD.TOTL.ZS,3.9
Ukraine,UKR,2024,"Agriculture, forestry, and fishing, value added (% of GDP)",NV.AGR.TOTL.ZS,7.11116658934678
Ukraine,UKR,2023,"Agriculture, forestry, and fishing, value added (% of GDP)",NV.AGR.TOTL.ZS,7.55194546256383
Ukraine,UKR,2022,"Agriculture, forestry, and fishing, value added (% of GDP)",NV.AGR.TOTL.ZS,8.57297627041519
Ukraine,UKR,2021,"Agriculture, forestry, and fishing, value added (% of GDP)",NV.AGR.TOTL.ZS,10.8857721063269
Ukraine,UKR,2020,"Agriculture, forestry, and fishing, value added (% of GDP)",NV.AGR.TOTL.ZS,9.31015109807472
Ukraine,UKR,2019,"Agriculture, forestry, and fishing, value added (% of GDP)",NV.AGR.TOTL.ZS,8.96518101437243
Ukraine,UKR,2018,"Agriculture, forestry, and fishing, value added (% of GDP)",NV.AGR.TOTL.ZS,10.1395331070229
Ukraine,UKR,2017,"Agriculture, forestry, and fishing, value added (% of GDP)",NV.AGR.TOTL.ZS,10.1776550393512
Ukraine,UKR,2016,"Agriculture, forestry, and fishing, value added (% of GDP)",NV.AGR.TOTL.ZS,11.7257009089167
Ukraine,UKR,2015,"Agriculture, forestry, and fishing, value added (% of GDP)",NV.AGR.TOTL.ZS,12.0593761063371
Ukraine,UKR,2014,"Agriculture, forestry, and fishing, value added (% of GDP)",NV.AGR.TOTL.ZS,10.1546081548161
Ukraine,UKR,2013,"Agriculture, forestry, and fishing, value added (% of GDP)",NV.AGR.TOTL.ZS,8.69230562102956
Ukraine,UKR,2012,"Agriculture, forestry, and fishing, value added (% of GDP)",NV.AGR.TOTL.ZS,7.76131248389414
Ukraine,UKR,2011,"Agriculture, forestry, and fishing, value added (% of GDP)",NV.AGR.TOTL.ZS,8.15022183877887
Ukraine,UKR,2010,"Agriculture, forestry, and fishing, value added (% of GDP)",NV.AGR.TOTL.ZS,7.40220509822994
Ukraine,UKR,2009,"Agriculture, forestry, and fishing, value added (% of GDP)",NV.AGR.TOTL.ZS,6.90539595920772
Ukraine,UKR,2008,"Agriculture, forestry, and fishing, value added (% of GDP)",NV.AGR.TOTL.ZS,6.53540152136768
Ukraine,UKR,2007,"Agriculture, forestry, and fishing, value added (% of GDP)",NV.AGR.TOTL.ZS,6.28300133403275
Ukraine,UKR,2006,"Agriculture, forestry, and fishing, value added (% of GDP)",NV.AGR.TOTL.ZS,7.23906141043294
Ukraine,UKR,2005,"Agriculture, forestry, and fishing, value added (% of GDP)",NV.AGR.TOTL.ZS,8.87530749467009
Ukraine,UKR,2004,"Agriculture, forestry, and fishing, value added (% of GDP)",NV.AGR.TOTL.ZS,10.4370371199069
Ukraine,UKR,2003,"Agriculture, forestry, and fishing, value added (% of GDP)",NV.AGR.TOTL.ZS,10.4995403003371
Ukraine,UKR,2002,"Agriculture, forestry, and fishing, value added (% of GDP)",NV.AGR.TOTL.ZS,12.6032510741528
Ukraine,UKR,2001,"Agriculture, forestry, and fishing, value added (% of GDP)",NV.AGR.TOTL.ZS,13.9760861844442
Ukraine,UKR,2000,"Agriculture, forestry, and fishing, value added (% of GDP)",NV.AGR.TOTL.ZS,13.951785065407
Ukraine,UKR,1999,"Agriculture, forestry, and fishing, value added (% of GDP)",NV.AGR.TOTL.ZS,11.8750095828031
Ukraine,UKR,1998,"Agriculture, forestry, and fishing, value added (% of GDP)",NV.AGR.TOTL.ZS,12.0680748199195
Ukraine,UKR,1997,"Agriculture, forestry, and fishing, value added (% of GDP)",NV.AGR.TOTL.ZS,12.5153965618808
Ukraine,UKR,1996,"Agriculture, forestry, and fishing, value added (% of GDP)",NV.AGR.TOTL.ZS,12.2290508961101
Ukraine,UKR,1995,"Agriculture, forestry, and fishing, value added (% of GDP)",NV.AGR.TOTL.ZS,13.769759643058
Ukraine,UKR,1994,"Agriculture, forestry, and fishing, value added (% of GDP)",NV.AGR.TOTL.ZS,14.5723971958075
Ukraine,UKR,1993,"Agriculture, forestry, and fishing, value added (% of GDP)",NV.AGR.TOTL.ZS,21.5406715990099
Ukraine,UKR,1992,"Agriculture, forestry, and fishing, value added (% of GDP)",NV.AGR.TOTL.ZS,20.851976952116
Ukraine,UKR,1991,"Agriculture, forestry, and fishing, value added (% of GDP)",NV.AGR.TOTL.ZS,24.6488294314381
Ukraine,UKR,1990,"Agriculture, forestry, and fishing, value added (% of GDP)",NV.AGR.TOTL.ZS,24.4670658682635
Ukraine,UKR,1989,"Agriculture, forestry, and fishing, value added (% of GDP)",NV.AGR.TOTL.ZS,22.2635113110372
Ukraine,UKR,1988,"Agriculture, forestry, and fishing, value added (% of GDP)",NV.AGR.TOTL.ZS,20.042194092827
Ukraine,UKR,1987,"Agriculture, forestry, and fishing, value added (% of GDP)",NV.AGR.TOTL.ZS,20.7630227439472
Ukraine,UKR,2014,"School enrollment, primary and secondary (gross), gender parity index (GPI)",SE.ENR.PRSC.FM.ZS,0.995869994163513
Ukraine,UKR,2013,"School enrollment, primary and secondary (gross), gender parity index (GPI)",SE.ENR.PRSC.FM.ZS,0.987689971923828
Ukraine,UKR,2012,"School enrollment, primary and secondary (gross), gender parity index (GPI)",SE.ENR.PRSC.FM.ZS,0.991639971733093
Ukraine,UKR,2011,"School enrollment, primary and secondary (gross), gender parity index (GPI)",SE.ENR.PRSC.FM.ZS,0.98496001958847
Ukraine,UKR,2010,"School enrollment, primary and secondary (gross), gender parity index (GPI)",SE.ENR.PRSC.FM.ZS,0.985599994659424
Ukraine,UKR,2009,"School enrollment, primary and secondary (gross), gender parity index (GPI)",SE.ENR.PRSC.FM.ZS,0.986310005187988
Ukraine,UKR,2008,"School enrollment, primary and secondary (gross), gender parity index (GPI)",SE.ENR.PRSC.FM.ZS,0.988420009613037
Ukraine,UKR,2007,"School enrollment, primary and secondary (gross), gender parity index (GPI)",SE.ENR.PRSC.FM.ZS,0.997380018234253
Ukraine,UKR,2006,"School enrollment, primary and secondary (gross), gender parity index (GPI)",SE.ENR.PRSC.FM.ZS,0.989390015602112
Ukraine,UKR,2005,"School enrollment, primary and secondary (gross), gender parity index (GPI)",SE.ENR.PRSC.FM.ZS,0.948300004005432
Ukraine,UKR,2004,"School enrollment, primary and secondary (gross), gender parity index (GPI)",SE.ENR.PRSC.FM.ZS,0.991630017757416
Ukraine,UKR,2003,"School enrollment, primary and secondary (gross), gender parity index (GPI)",SE.ENR.PRSC.FM.ZS,1.00028002262115
Ukraine,UKR,2002,"School enrollment, primary and secondary (gross), gender parity index (GPI)",SE.ENR.PRSC.FM.ZS,1.00529003143311
Ukraine,UKR,2001,"School enrollment, primary and secondary (gross), gender parity index (GPI)",SE.ENR.PRSC.FM.ZS,0.996039986610413
Ukraine,UKR,2000,"School enrollment, primary and secondary (gross), gender parity index (GPI)",SE.ENR.PRSC.FM.ZS,1.00795996189117
Ukraine,UKR,1999,"School enrollment, primary and secondary (gross), gender parity index (GPI)",SE.ENR.PRSC.FM.ZS,1.02503001689911
Ukraine,UKR,1994,"School enrollment, primary and secondary (gross), gender parity index (GPI)",SE.ENR.PRSC.FM.ZS,1.04047000408173
Ukraine,UKR,1993,"School enrollment, primary and secondary (gross), gender parity index (GPI)",SE.ENR.PRSC.FM.ZS,1.03937995433807
Ukraine,UKR,2021,"Primary completion rate, total (% of relevant age group)",SE.PRM.CMPT.ZS,89.2898788802165
Ukraine,UKR,2020,"Primary completion rate, total (% of relevant age group)",SE.PRM.CMPT.ZS,89.7578046573216
Ukraine,UKR,2019,"Primary completion rate, total (% of relevant age group)",SE.PRM.CMPT.ZS,89.0534000834376
Ukraine,UKR,2018,"Primary completion rate, total (% of relevant age group)",SE.PRM.CMPT.ZS,83.9088620532217
Ukraine,UKR,2017,"Primary completion rate, total (% of relevant age group)",SE.PRM.CMPT.ZS,87.5341732897487
Ukraine,UKR,2016,"Primary completion rate, total (% of relevant age group)",SE.PRM.CMPT.ZS,86.1604460210992
Ukraine,UKR,2015,"Primary completion rate, total (% of relevant age group)",SE.PRM.CMPT.ZS,88.5759614227854
Ukraine,UKR,2014,"Primary completion rate, total (% of relevant age group)",SE.PRM.CMPT.ZS,96.2149407614657
Ukraine,UKR,2013,"Primary completion rate, total (% of relevant age group)",SE.PRM.CMPT.ZS,98.6247588057599
Ukraine,UKR,2012,"Primary completion rate, total (% of relevant age group)",SE.PRM.CMPT.ZS,97.30904649924
Ukraine,UKR,2011,"Primary completion rate, total (% of relevant age group)",SE.PRM.CMPT.ZS,101.307744289769
Ukraine,UKR,2010,"Primary completion rate, total (% of relevant age group)",SE.PRM.CMPT.ZS,100.017585117217
Ukraine,UKR,2009,"Primary completion rate, total (% of relevant age group)",SE.PRM.CMPT.ZS,100.128837585449
Ukraine,UKR,2008,"Primary completion rate, total (% of relevant age group)",SE.PRM.CMPT.ZS,101.218246459961
Ukraine,UKR,2007,"Primary completion rate, total (% of relevant age group)",SE.PRM.CMPT.ZS,104.314949035645
Ukraine,UKR,2006,"Primary completion rate, total (% of relevant age group)",SE.PRM.CMPT.ZS,105.400451660156
Ukraine,UKR,2005,"Primary completion rate, total (% of relevant age group)",SE.PRM.CMPT.ZS,119.971778869629
Ukraine,UKR,2002,"Primary completion rate, total (% of relevant age group)",SE.PRM.CMPT.ZS,101.568359375
Ukraine,UKR,2001,"Primary completion rate, total (% of relevant age group)",SE.PRM.CMPT.ZS,98.3496780395508
Ukraine,UKR,2000,"Primary completion rate, total (% of relevant age group)",SE.PRM.CMPT.ZS,95.3107223510742
Ukraine,UKR,2023,"Mortality rate, under-5 (per 1,000 live births)",SH.DYN.MORT,8.1
Ukraine,UKR,2022,"Mortality rate, under-5 (per 1,000 live births)",SH.DYN.MORT,8.5
Ukraine,UKR,2021,"Mortality rate, under-5 (per 1,000 live births)",SH.DYN.MORT,8.2
Ukraine,UKR,2020,"Mortality rate, under-5 (per 1,000 live births)",SH.DYN.MORT,8.4
Ukraine,UKR,2019,"Mortality rate, under-5 (per 1,000 live births)",SH.DYN.MORT,8.5
Ukraine,UKR,2018,"Mortality rate, under-5 (per 1,000 live births)",SH.DYN.MORT,8.7
Ukraine,UKR,2017,"Mortality rate, under-5 (per 1,000 live births)",SH.DYN.MORT,8.9
Ukraine,UKR,2016,"Mortality rate, under-5 (per 1,000 live births)",SH.DYN.MORT,9.1
Ukraine,UKR,2015,"Mortality rate, under-5 (per 1,000 live births)",SH.DYN.MORT,9.4
Ukraine,UKR,2014,"Mortality rate, under-5 (per 1,000 live births)",SH.DYN.MORT,9.8
Ukraine,UKR,2013,"Mortality rate, under-5 (per 1,000 live births)",SH.DYN.MORT,10.2
Ukraine,UKR,2012,"Mortality rate, under-5 (per 1,000 live births)",SH.DYN.MORT,10.7
Ukraine,UKR,2011,"Mortality rate, under-5 (per 1,000 live births)",SH.DYN.MORT,11.2
Ukraine,UKR,2010,"Mortality rate, under-5 (per 1,000 live births)",SH.DYN.MORT,11.7
Ukraine,UKR,2009,"Mortality rate, under-5 (per 1,000 live births)",SH.DYN.MORT,12.3
Ukraine,UKR,2008,"Mortality rate, under-5 (per 1,000 live births)",SH.DYN.MORT,12.9
Ukraine,UKR,2007,"Mortality rate, under-5 (per 1,000 live births)",SH.DYN.MORT,13.4
Ukraine,UKR,2006,"Mortality rate, under-5 (per 1,000 live births)",SH.DYN.MORT,14
Ukraine,UKR,2005,"Mortality rate, under-5 (per 1,000 live births)",SH.DYN.MORT,14.5
Ukraine,UKR,2004,"Mortality rate, under-5 (per 1,000 live births)",SH.DYN.MORT,15.1
Ukraine,UKR,2003,"Mortality rate, under-5 (per 1,000 live births)",SH.DYN.MORT,15.8
Ukraine,UKR,2002,"Mortality rate, under-5 (per 1,000 live births)",SH.DYN.MORT,16.6
Ukraine,UKR,2001,"Mortality rate, under-5 (per 1,000 live births)",SH.DYN.MORT,17.5
Ukraine,UKR,2000,"Mortality rate, under-5 (per 1,000 live births)",SH.DYN.MORT,18.3
Ukraine,UKR,1999,"Mortality rate, under-5 (per 1,000 live births)",SH.DYN.MORT,19
Ukraine,UKR,1998,"Mortality rate, under-5 (per 1,000 live births)",SH.DYN.MORT,19.7
Ukraine,UKR,1997,"Mortality rate, under-5 (per 1,000 live births)",SH.DYN.MORT,20.1
Ukraine,UKR,1996,"Mortality rate, under-5 (per 1,000 live births)",SH.DYN.MORT,20.3
Ukraine,UKR,1995,"Mortality rate, under-5 (per 1,000 live births)",SH.DYN.MORT,20.2
Ukraine,UKR,1994,"Mortality rate, under-5 (per 1,000 live births)",SH.DYN.MORT,20
Ukraine,UKR,1993,"Mortality rate, under-5 (per 1,000 live births)",SH.DYN.MORT,19.7
Ukraine,UKR,1992,"Mortality rate, under-5 (per 1,000 live births)",SH.DYN.MORT,19.4
Ukraine,UKR,1991,"Mortality rate, under-5 (per 1,000 live births)",SH.DYN.MORT,19.2
Ukraine,UKR,1990,"Mortality rate, under-5 (per 1,000 live births)",SH.DYN.MORT,19.2
Ukraine,UKR,1989,"Mortality rate, under-5 (per 1,000 live births)",SH.DYN.MORT,19.5
Ukraine,UKR,1988,"Mortality rate, under-5 (per 1,000 live births)",SH.DYN.MORT,19.9
Ukraine,UKR,1987,"Mortality rate, under-5 (per 1,000 live births)",SH.DYN.MORT,20.5
Ukraine,UKR,1986,"Mortality rate, under-5 (per 1,000 live births)",SH.DYN.MORT,21.3
Ukraine,UKR,1985,"Mortality rate, under-5 (per 1,000 live births)",SH.DYN.MORT,22.1
Ukraine,UKR,1984,"Mortality rate, under-5 (per 1,000 live births)",SH.DYN.MORT,22.9
Ukraine,UKR,1983,"Mortality rate, under-5 (per 1,000 live births)",SH.DYN.MORT,23.9
Ukraine,UKR,1982,"Mortality rate, under-5 (per 1,000 live births)",SH.DYN.MORT,24.7
Ukraine,UKR,1981,"Mortality rate, under-5 (per 1,000 live births)",SH.DYN.MORT,25.5
Ukraine,UKR,1980,"Mortality rate, under-5 (per 1,000 live births)",SH.DYN.MORT,26.2
Ukraine,UKR,1979,"Mortality rate, under-5 (per 1,000 live births)",SH.DYN.MORT,26.9
Ukraine,UKR,1978,"Mortality rate, under-5 (per 1,000 live births)",SH.DYN.MORT,27.4
Ukraine,UKR,1977,"Mortality rate, under-5 (per 1,000 live births)",SH.DYN.MORT,27.8
Ukraine,UKR,1976,"Mortality rate, under-5 (per 1,000 live births)",SH.DYN.MORT,28.4
Ukraine,UKR,1975,"Mortality rate, under-5 (per 1,000 live births)",SH.DYN.MORT,28.9
Ukraine,UKR,1974,"Mortality rate, under-5 (per 1,000 live births)",SH.DYN.MORT,29.6
Ukraine,UKR,1973,"Mortality rate, under-5 (per 1,000 live births)",SH.DYN.MORT,30.4
Ukraine,UKR,1972,"Mortality rate, under-5 (per 1,000 live births)",SH.DYN.MORT,31.3
Ukraine,UKR,1971,"Mortality rate, under-5 (per 1,000 live births)",SH.DYN.MORT,32.3
Ukraine,UKR,2000,"Prevalence of underweight, weight for age (% of children under 5)",SH.STA.MALN.ZS,4.1
Ukraine,UKR,2020,Poverty headcount ratio at $3.00 a day (2021 PPP) (% of population),SI.POV.DDAY,0
Ukraine,UKR,2019,Poverty headcount ratio at $3.00 a day (2021 PPP) (% of population),SI.POV.DDAY,0.2
Ukraine,UKR,2018,Poverty headcount ratio at $3.00 a day (2021 PPP) (% of population),SI.POV.DDAY,0.2
Ukraine,UKR,2017,Poverty headcount ratio at $3.00 a day (2021 PPP) (% of population),SI.POV.DDAY,0.1
Ukraine,UKR,2016,Poverty headcount ratio at $3.00 a day (2021 PPP) (% of population),SI.POV.DDAY,0.2
Ukraine,UKR,2015,Poverty headcount ratio at $3.00 a day (2021 PPP) (% of population),SI.POV.DDAY,0.3
Ukraine,UKR,2014,Poverty headcount ratio at $3.00 a day (2021 PPP) (% of population),SI.POV.DDAY,0
Ukraine,UKR,2013,Poverty headcount ratio at $3.00 a day (2021 PPP) (% of population),SI.POV.DDAY,0.1
Ukraine,UKR,2012,Poverty headcount ratio at $3.00 a day (2021 PPP) (% of population),SI.POV.DDAY,0.1
Ukraine,UKR,2011,Poverty headcount ratio at $3.00 a day (2021 PPP) (% of population),SI.POV.DDAY,0.1
Ukraine,UKR,2010,Poverty headcount ratio at $3.00 a day (2021 PPP) (% of population),SI.POV.DDAY,0.1
Ukraine,UKR,2009,Poverty headcount ratio at $3.00 a day (2021 PPP) (% of population),SI.POV.DDAY,0.3
Ukraine,UKR,2008,Poverty headcount ratio at $3.00 a day (2021 PPP) (% of population),SI.POV.DDAY,0.1
Ukraine,UKR,2007,Poverty headcount ratio at $3.00 a day (2021 PPP) (% of population),SI.POV.DDAY,0.5
Ukraine,UKR,2006,Poverty headcount ratio at $3.00 a day (2021 PPP) (% of population),SI.POV.DDAY,0.7
Ukraine,UKR,2005,Poverty headcount ratio at $3.00 a day (2021 PPP) (% of population),SI.POV.DDAY,1.1
Ukraine,UKR,2004,Poverty headcount ratio at $3.00 a day (2021 PPP) (% of population),SI.POV.DDAY,2.8
Ukraine,UKR,2003,Poverty headcount ratio at $3.00 a day (2021 PPP) (% of population),SI.POV.DDAY,3.2
Ukraine,UKR,2002,Poverty headcount ratio at $3.00 a day (2021 PPP) (% of population),SI.POV.DDAY,6.3
Ukraine,UKR,1999,Poverty headcount ratio at $3.00 a day (2021 PPP) (% of population),SI.POV.DDAY,24.8
Ukraine,UKR,1996,Poverty headcount ratio at $3.00 a day (2021 PPP) (% of population),SI.POV.DDAY,15.2
Ukraine,UKR,1995,Poverty headcount ratio at $3.00 a day (2021 PPP) (% of population),SI.POV.DDAY,14.5
Ukraine,UKR,1993,Poverty headcount ratio at $3.00 a day (2021 PPP) (% of population),SI.POV.DDAY,5.1
Ukraine,UKR,1992,Poverty headcount ratio at $3.00 a day (2021 PPP) (% of population),SI.POV.DDAY,8.1
Ukraine,UKR,2024,Population growth (annual %),SP.POP.GROW,0.33702862573394
Ukraine,UKR,2023,Population growth (annual %),SP.POP.GROW,-8.42300777431605
Ukraine,UKR,2022,Population growth (annual %),SP.POP.GROW,-7.61932022603164
Ukraine,UKR,2021,Population growth (annual %),SP.POP.GROW,-0.857231073467664
Ukraine,UKR,2020,Population growth (annual %),SP.POP.GROW,-0.619037730087783
Ukraine,UKR,2019,Population growth (annual %),SP.POP.GROW,-0.557746010589576
Ukraine,UKR,2018,Population growth (annual %),SP.POP.GROW,-0.501151978990809
Ukraine,UKR,2017,Population growth (annual %),SP.POP.GROW,-0.397112648136029
Ukraine,UKR,2016,Population growth (annual %),SP.POP.GROW,-0.36774838525265
Ukraine,UKR,2015,Population growth (annual %),SP.POP.GROW,-0.40865263025121
Ukraine,UKR,2014,Population growth (annual %),SP.POP.GROW,-0.335269423483557
Ukraine,UKR,2013,Population growth (annual %),SP.POP.GROW,-0.180396113217713
Ukraine,UKR,2012,Population growth (annual %),SP.POP.GROW,-0.211412120058561
Ukraine,UKR,2011,Population growth (annual %),SP.POP.GROW,-0.319413470604977
Ukraine,UKR,2010,Population growth (annual %),SP.POP.GROW,-0.360396778842802
Ukraine,UKR,2009,Population growth (annual %),SP.POP.GROW,-0.418318079718443
Ukraine,UKR,2008,Population growth (annual %),SP.POP.GROW,-0.518999631278387
Ukraine,UKR,2007,Population growth (annual %),SP.POP.GROW,-0.457691249751745
Ukraine,UKR,2006,Population growth (annual %),SP.POP.GROW,-0.646951976746368
Ukraine,UKR,2005,Population growth (annual %),SP.POP.GROW,-0.824471243376951
Ukraine,UKR,2004,Population growth (annual %),SP.POP.GROW,-0.697090406399135
Ukraine,UKR,2003,Population growth (annual %),SP.POP.GROW,-0.746752569088852
Ukraine,UKR,2002,Population growth (annual %),SP.POP.GROW,-0.878622609109747
Ukraine,UKR,2001,Population growth (annual %),SP.POP.GROW,-0.911802334090355
Ukraine,UKR,2000,Population growth (annual %),SP.POP.GROW,-0.843515300409476
Ukraine,UKR,1999,Population growth (annual %),SP.POP.GROW,-0.803711705470069
Ukraine,UKR,1998,Population growth (annual %),SP.POP.GROW,-0.804922047186478
Ukraine,UKR,1997,Population growth (annual %),SP.POP.GROW,-0.861119151410882
Ukraine,UKR,1996,Population growth (annual %),SP.POP.GROW,-0.854165873072084
Ukraine,UKR,1995,Population growth (annual %),SP.POP.GROW,-0.791314942324349
Ukraine,UKR,1994,Population growth (annual %),SP.POP.GROW,-0.525019256069775
Ukraine,UKR,1993,Population growth (annual %),SP.POP.GROW,0.0505475129812724
Ukraine,UKR,1992,Population growth (annual %),SP.POP.GROW,0.292283164777446
Ukraine,UKR,1991,Population growth (annual %),SP.POP.GROW,0.224262872730958
Ukraine,UKR,1990,Population growth (annual %),SP.POP.GROW,0.262138262818918
Ukraine,UKR,1989,Population growth (annual %),SP.POP.GROW,0.37236443824199
Ukraine,UKR,1988,Population growth (annual %),SP.POP.GROW,0.405114492529911
Ukraine,UKR,1987,Population growth (annual %),SP.POP.GROW,0.383115170495451
Ukraine,UKR,1986,Population growth (annual %),SP.POP.GROW,0.409997829463664
Ukraine,UKR,1985,Population growth (annual %),SP.POP.GROW,0.433684745489531
Ukraine,UKR,1984,Population growth (annual %),SP.POP.GROW,0.49361522166582
Ukraine,UKR,1983,Population growth (annual %),SP.POP.GROW,0.463788584263996
Ukraine,UKR,1982,Population growth (annual %),SP.POP.GROW,0.424374323448127
Ukraine,UKR,1981,Population growth (annual %),SP.POP.GROW,0.467583508255192
Ukraine,UKR,1980,Population growth (annual %),SP.POP.GROW,0.469060111899921
Ukraine,UKR,1979,Population growth (annual %),SP.POP.GROW,0.403331276919612
Ukraine,UKR,1978,Population growth (annual %),SP.POP.GROW,0.373794191595451
Ukraine,UKR,1977,Population growth (annual %),SP.POP.GROW,0.438036172888639
Ukraine,UKR,1976,Population growth (annual %),SP.POP.GROW,0.521734522511783
Ukraine,UKR,1975,Population growth (annual %),SP.POP.GROW,0.59247642666202
Ukraine,UKR,1974,Population growth (annual %),SP.POP.GROW,0.618355276004561
Ukraine,UKR,1973,Population growth (annual %),SP.POP.GROW,0.68637605671355
Ukraine,UKR,1972,Population growth (annual %),SP.POP.GROW,0.782259633872424
Ukraine,UKR,1971,Population growth (annual %),SP.POP.GROW,0.65795004881002
Ukraine,UKR,1970,Population growth (annual %),SP.POP.GROW,0.604962317155543
Ukraine,UKR,1969,Population growth (annual %),SP.POP.GROW,0.773438524216021
Ukraine,UKR,1968,Population growth (annual %),SP.POP.GROW,0.858209849772858
Ukraine,UKR,1967,Population growth (annual %),SP.POP.GROW,0.89867092208984
Ukraine,UKR,1966,Population growth (annual %),SP.POP.GROW,0.911574871570864
Ukraine,UKR,1965,Population growth (annual %),SP.POP.GROW,0.964686284119638
Ukraine,UKR,1964,Population growth (annual %),SP.POP.GROW,1.0933219610835
Ukraine,UKR,1963,Population growth (annual %),SP.POP.GROW,1.17345809598308
Ukraine,UKR,1962,Population growth (annual %),SP.POP.GROW,1.2454628093369
Ukraine,UKR,1961,Population growth (annual %),SP.POP.GROW,1.33531846186007
Ukraine,UKR,2024,"Population, total",SP.POP.TOTL,37860221
Ukraine,UKR,2023,"Population, total",SP.POP.TOTL,37732836
Ukraine,UKR,2022,"Population, total",SP.POP.TOTL,41048766
Ukraine,UKR,2021,"Population, total",SP.POP.TOTL,44298640
Ukraine,UKR,2020,"Population, total",SP.POP.TOTL,44680014
Ukraine,UKR,2019,"Population, total",SP.POP.TOTL,44957458
Ukraine,UKR,2018,"Population, total",SP.POP.TOTL,45208907
Ukraine,UKR,2017,"Population, total",SP.POP.TOTL,45436041
Ukraine,UKR,2016,"Population, total",SP.POP.TOTL,45616832
Ukraine,UKR,2015,"Population, total",SP.POP.TOTL,45784896
Ukraine,UKR,2014,"Population, total",SP.POP.TOTL,45972380
Ukraine,UKR,2013,"Population, total",SP.POP.TOTL,46126770
Ukraine,UKR,2012,"Population, total",SP.POP.TOTL,46210056
Ukraine,UKR,2011,"Population, total",SP.POP.TOTL,46307853
Ukraine,UKR,2010,"Population, total",SP.POP.TOTL,46456003
Ukraine,UKR,2009,"Population, total",SP.POP.TOTL,46623731
Ukraine,UKR,2008,"Population, total",SP.POP.TOTL,46819175
Ukraine,UKR,2007,"Population, total",SP.POP.TOTL,47062798
Ukraine,UKR,2006,"Population, total",SP.POP.TOTL,47278694
Ukraine,UKR,2005,"Population, total",SP.POP.TOTL,47585556
Ukraine,UKR,2004,"Population, total",SP.POP.TOTL,47979507
Ukraine,UKR,2003,"Population, total",SP.POP.TOTL,48315136
Ukraine,UKR,2002,"Population, total",SP.POP.TOTL,48677281
Ukraine,UKR,2001,"Population, total",SP.POP.TOTL,49106855
Ukraine,UKR,2000,"Population, total",SP.POP.TOTL,49556660
Ukraine,UKR,1999,"Population, total",SP.POP.TOTL,49976446
Ukraine,UKR,1998,"Population, total",SP.POP.TOTL,50379731
Ukraine,UKR,1997,"Population, total",SP.POP.TOTL,50786885
Ukraine,UKR,1996,"Population, total",SP.POP.TOTL,51226109
Ukraine,UKR,1995,"Population, total",SP.POP.TOTL,51665539
Ukraine,UKR,1994,"Population, total",SP.POP.TOTL,52075998
Ukraine,UKR,1993,"Population, total",SP.POP.TOTL,52350126
Ukraine,UKR,1992,"Population, total",SP.POP.TOTL,52323671
Ukraine,UKR,1991,"Population, total",SP.POP.TOTL,52170961
Ukraine,UKR,1990,"Population, total",SP.POP.TOTL,52054092
Ukraine,UKR,1989,"Population, total",SP.POP.TOTL,51917817
Ukraine,UKR,1988,"Population, total",SP.POP.TOTL,51724853
Ukraine,UKR,1987,"Population, total",SP.POP.TOTL,51515732
Ukraine,UKR,1986,"Population, total",SP.POP.TOTL,51318745
Ukraine,UKR,1985,"Population, total",SP.POP.TOTL,51108770
Ukraine,UKR,1984,"Population, total",SP.POP.TOTL,50887599
Ukraine,UKR,1983,"Population, total",SP.POP.TOTL,50637029
Ukraine,UKR,1982,"Population, total",SP.POP.TOTL,50402724
Ukraine,UKR,1981,"Population, total",SP.POP.TOTL,50189281
Ukraine,UKR,1980,"Population, total",SP.POP.TOTL,49955152
Ukraine,UKR,1979,"Population, total",SP.POP.TOTL,49721381
Ukraine,UKR,1978,"Population, total",SP.POP.TOTL,49521243
Ukraine,UKR,1977,"Population, total",SP.POP.TOTL,49336481
Ukraine,UKR,1976,"Population, total",SP.POP.TOTL,49120842
Ukraine,UKR,1975,"Population, total",SP.POP.TOTL,48865229
Ukraine,UKR,1974,"Population, total",SP.POP.TOTL,48576570
Ukraine,UKR,1973,"Population, total",SP.POP.TOTL,48277121
Ukraine,UKR,1972,"Population, total",SP.POP.TOTL,47946893
Ukraine,UKR,1971,"Population, total",SP.POP.TOTL,47573287
Ukraine,UKR,1970,"Population, total",SP.POP.TOTL,47261306
Ukraine,UKR,1969,"Population, total",SP.POP.TOTL,46976256
Ukraine,UKR,1968,"Population, total",SP.POP.TOTL,46614325
Ukraine,UKR,1967,"Population, total",SP.POP.TOTL,46215988
Ukraine,UKR,1966,"Population, total",SP.POP.TOTL,45802519
Ukraine,UKR,1965,"Population, total",SP.POP.TOTL,45386892
Ukraine,UKR,1964,"Population, total",SP.POP.TOTL,44951156
Ukraine,UKR,1963,"Population, total",SP.POP.TOTL,44462372
Ukraine,UKR,1962,"Population, total",SP.POP.TOTL,43943674
Ukraine,UKR,1961,"Population, total",SP.POP.TOTL,43399766
Ukraine,UKR,1960,"Population, total",SP.POP.TOTL,42824093
Ukraine,UKR,2024,Urban population growth (annual %),SP.URB.GROW,0.417771039442017
Ukraine,UKR,2023,Urban population growth (annual %),SP.URB.GROW,-8.3481514473027
Ukraine,UKR,2022,Urban population growth (annual %),SP.URB.GROW,-7.58942035857226
Ukraine,UKR,2021,Urban population growth (annual %),SP.URB.GROW,-0.830148716273566
Ukraine,UKR,2020,Urban population growth (annual %),SP.URB.GROW,-0.574138130818796
Ukraine,UKR,2019,Urban population growth (annual %),SP.URB.GROW,-0.504430684634938
Ukraine,UKR,2018,Urban population growth (annual %),SP.URB.GROW,-0.425399417245174
Ukraine,UKR,2017,Urban population growth (annual %),SP.URB.GROW,-0.320440524062044
Ukraine,UKR,2016,Urban population growth (annual %),SP.URB.GROW,-0.293318398194282
Ukraine,UKR,2015,Urban population growth (annual %),SP.URB.GROW,-0.259177309860707
Ukraine,UKR,2014,Urban population growth (annual %),SP.URB.GROW,-0.157276650655011
Ukraine,UKR,2013,Urban population growth (annual %),SP.URB.GROW,-0.0229748081893953
Ukraine,UKR,2012,Urban population growth (annual %),SP.URB.GROW,-0.0648896265787346
Ukraine,UKR,2011,Urban population growth (annual %),SP.URB.GROW,-0.194146912926158
Ukraine,UKR,2010,Urban population growth (annual %),SP.URB.GROW,-0.196719207447298
Ukraine,UKR,2009,Urban population growth (annual %),SP.URB.GROW,-0.199275607265797
Ukraine,UKR,2008,Urban population growth (annual %),SP.URB.GROW,-0.277426357374188
Ukraine,UKR,2007,Urban population growth (annual %),SP.URB.GROW,-0.192132560414635
Ukraine,UKR,2006,Urban population growth (annual %),SP.URB.GROW,-0.32933535033185
Ukraine,UKR,2005,Urban population growth (annual %),SP.URB.GROW,-0.50469151974489
Ukraine,UKR,2004,Urban population growth (annual %),SP.URB.GROW,-0.434282312507023
Ukraine,UKR,2003,Urban population growth (annual %),SP.URB.GROW,-0.520441318205232
Ukraine,UKR,2002,Urban population growth (annual %),SP.URB.GROW,-0.890078067384368
Ukraine,UKR,2001,Urban population growth (annual %),SP.URB.GROW,-1.10318549832447
Ukraine,UKR,2000,Urban population growth (annual %),SP.URB.GROW,-0.958141105497537
Ukraine,UKR,1999,Urban population growth (annual %),SP.URB.GROW,-0.912590783536455
Ukraine,UKR,1998,Urban population growth (annual %),SP.URB.GROW,-0.91616775888607
Ukraine,UKR,1997,Urban population growth (annual %),SP.URB.GROW,-0.993444629732295
Ukraine,UKR,1996,Urban population growth (annual %),SP.URB.GROW,-1.0334901390564
Ukraine,UKR,1995,Urban population growth (annual %),SP.URB.GROW,-0.903199464264787
Ukraine,UKR,1994,Urban population growth (annual %),SP.URB.GROW,-0.526571015792151
Ukraine,UKR,1993,Urban population growth (annual %),SP.URB.GROW,0.135427927670802
Ukraine,UKR,1992,Urban population growth (annual %),SP.URB.GROW,0.541721179210566
Ukraine,UKR,1991,Urban population growth (annual %),SP.URB.GROW,0.638898490947198
Ukraine,UKR,1990,Urban population growth (annual %),SP.URB.GROW,0.745206058258938
Ukraine,UKR,1989,Urban population growth (annual %),SP.URB.GROW,1.05758399502322
Ukraine,UKR,1988,Urban population growth (annual %),SP.URB.GROW,1.23065549663319
Ukraine,UKR,1987,Urban population growth (annual %),SP.URB.GROW,1.19809541573526
Ukraine,UKR,1986,Urban population growth (annual %),SP.URB.GROW,1.22070111032256
Ukraine,UKR,1985,Urban population growth (annual %),SP.URB.GROW,1.34178053996167
Ukraine,UKR,1984,Urban population growth (annual %),SP.URB.GROW,1.45940304554199
Ukraine,UKR,1983,Urban population growth (annual %),SP.URB.GROW,1.3476168338171
Ukraine,UKR,1982,Urban population growth (annual %),SP.URB.GROW,1.2460677221524
Ukraine,UKR,1981,Urban population growth (annual %),SP.URB.GROW,1.34328832215851
Ukraine,UKR,1980,Urban population growth (annual %),SP.URB.GROW,1.381173822755
Ukraine,UKR,1979,Urban population growth (annual %),SP.URB.GROW,1.44770384771026
Ukraine,UKR,1978,Urban population growth (annual %),SP.URB.GROW,1.57679062531656
Ukraine,UKR,1977,Urban population growth (annual %),SP.URB.GROW,1.57608453746502
Ukraine,UKR,1976,Urban population growth (annual %),SP.URB.GROW,1.76055941926164
Ukraine,UKR,1975,Urban population growth (annual %),SP.URB.GROW,1.88251566105692
Ukraine,UKR,1974,Urban population growth (annual %),SP.URB.GROW,1.83286667429679
Ukraine,UKR,1973,Urban population growth (annual %),SP.URB.GROW,2.02791457101347
Ukraine,UKR,1972,Urban population growth (annual %),SP.URB.GROW,2.38319812030484
Ukraine,UKR,1971,Urban population growth (annual %),SP.URB.GROW,2.21942899493267
Ukraine,UKR,1970,Urban population growth (annual %),SP.URB.GROW,1.9771274393294
Ukraine,UKR,1969,Urban population growth (annual %),SP.URB.GROW,2.31637702260014
Ukraine,UKR,1968,Urban population growth (annual %),SP.URB.GROW,2.45168077131576
Ukraine,UKR,1967,Urban population growth (annual %),SP.URB.GROW,2.37528975913862
Ukraine,UKR,1966,Urban population growth (annual %),SP.URB.GROW,2.43932942705288
Ukraine,UKR,1965,Urban population growth (annual %),SP.URB.GROW,2.46508588169142
Ukraine,UKR,1964,Urban population growth (annual %),SP.URB.GROW,2.54409852843409
Ukraine,UKR,1963,Urban population growth (annual %),SP.URB.GROW,2.44389018942741
Ukraine,UKR,1962,Urban population growth (annual %),SP.URB.GROW,2.36130651450222
Ukraine,UKR,1961,Urban population growth (annual %),SP.URB.GROW,3.16064748956917
Ukraine,UKR,2024,Urban population,SP.URB.TOTL,26324804
Ukraine,UKR,2023,Urban population,SP.URB.TOTL,26215056
Ukraine,UKR,2022,Urban population,SP.URB.TOTL,28497473
Ukraine,UKR,2021,Urban population,SP.URB.TOTL,30744454
Ukraine,UKR,2020,Urban population,SP.URB.TOTL,31000741
Ukraine,UKR,2019,Urban population,SP.URB.TOTL,31179240
Ukraine,UKR,2018,Urban population,SP.URB.TOTL,31336915
Ukraine,UKR,2017,Urban population,SP.URB.TOTL,31470506
Ukraine,UKR,2016,Urban population,SP.URB.TOTL,31571512
Ukraine,UKR,2015,Urban population,SP.URB.TOTL,31664253
Ukraine,UKR,2014,Urban population,SP.URB.TOTL,31746426
Ukraine,UKR,2013,Urban population,SP.URB.TOTL,31796395
Ukraine,UKR,2012,Urban population,SP.URB.TOTL,31803701
Ukraine,UKR,2011,Urban population,SP.URB.TOTL,31824345
Ukraine,UKR,2010,Urban population,SP.URB.TOTL,31886191
Ukraine,UKR,2009,Urban population,SP.URB.TOTL,31948979
Ukraine,UKR,2008,Urban population,SP.URB.TOTL,32012709
Ukraine,UKR,2007,Urban population,SP.URB.TOTL,32101644
Ukraine,UKR,2006,Urban population,SP.URB.TOTL,32163381
Ukraine,UKR,2005,Urban population,SP.URB.TOTL,32269481
Ukraine,UKR,2004,Urban population,SP.URB.TOTL,32432754
Ukraine,UKR,2003,Urban population,SP.URB.TOTL,32573910
Ukraine,UKR,2002,Urban population,SP.URB.TOTL,32743880
Ukraine,UKR,2001,Urban population,SP.URB.TOTL,33036627
Ukraine,UKR,2000,Urban population,SP.URB.TOTL,33403100
Ukraine,UKR,1999,Urban population,SP.URB.TOTL,33724687
Ukraine,UKR,1998,Urban population,SP.URB.TOTL,34033864
Ukraine,UKR,1997,Urban population,SP.URB.TOTL,34347104
Ukraine,UKR,1996,Urban population,SP.URB.TOTL,34690024
Ukraine,UKR,1995,Urban population,SP.URB.TOTL,35050401
Ukraine,UKR,1994,Urban population,SP.URB.TOTL,35368410
Ukraine,UKR,1993,Urban population,SP.URB.TOTL,35555141
Ukraine,UKR,1992,Urban population,SP.URB.TOTL,35507022
Ukraine,UKR,1991,Urban population,SP.URB.TOTL,35315193
Ukraine,UKR,1990,Urban population,SP.URB.TOTL,35090284
Ukraine,UKR,1989,Urban population,SP.URB.TOTL,34829761
Ukraine,UKR,1988,Urban population,SP.URB.TOTL,34463348
Ukraine,UKR,1987,Urban population,SP.URB.TOTL,34041822
Ukraine,UKR,1986,Urban population,SP.URB.TOTL,33636402
Ukraine,UKR,1985,Urban population,SP.URB.TOTL,33228298
Ukraine,UKR,1984,Urban population,SP.URB.TOTL,32785425
Ukraine,UKR,1983,Urban population,SP.URB.TOTL,32310428
Ukraine,UKR,1982,Urban population,SP.URB.TOTL,31877928
Ukraine,UKR,1981,Urban population,SP.URB.TOTL,31483172
Ukraine,UKR,1980,Urban population,SP.URB.TOTL,31063090
Ukraine,UKR,1979,Urban population,SP.URB.TOTL,30637004
Ukraine,UKR,1978,Urban population,SP.URB.TOTL,30196666
Ukraine,UKR,1977,Urban population,SP.URB.TOTL,29724262
Ukraine,UKR,1976,Urban population,SP.URB.TOTL,29259455
Ukraine,UKR,1975,Urban population,SP.URB.TOTL,28748833
Ukraine,UKR,1974,Urban population,SP.URB.TOTL,28212694
Ukraine,UKR,1973,Urban population,SP.URB.TOTL,27700303
Ukraine,UKR,1972,Urban population,SP.URB.TOTL,27144222
Ukraine,UKR,1971,Urban population,SP.URB.TOTL,26504969
Ukraine,UKR,1970,Urban population,SP.URB.TOTL,25923190
Ukraine,UKR,1969,Urban population,SP.URB.TOTL,25415689
Ukraine,UKR,1968,Urban population,SP.URB.TOTL,24833732
Ukraine,UKR,1967,Urban population,SP.URB.TOTL,24232291
Ukraine,UKR,1966,Urban population,SP.URB.TOTL,23663486
Ukraine,UKR,1965,Urban population,SP.URB.TOTL,23093239
Ukraine,UKR,1964,Urban population,SP.URB.TOTL,22530930
Ukraine,UKR,1963,Urban population,SP.URB.TOTL,21964951
Ukraine,UKR,1962,Urban population,SP.URB.TOTL,21434658
Ukraine,UKR,1961,Urban population,SP.URB.TOTL,20934449
Ukraine,UKR,1960,Urban population,SP.URB.TOTL,20283132
Ukraine,UKR,2024,Urban population (% of total population),SP.URB.TOTL.IN.ZS,69.5315643200148
Ukraine,UKR,2023,Urban population (% of total population),SP.URB.TOTL.IN.ZS,69.4754455027606
Ukraine,UKR,2022,Urban population (% of total population),SP.URB.TOTL.IN.ZS,69.42345912103
Ukraine,UKR,2021,Urban population (% of total population),SP.URB.TOTL.IN.ZS,69.4027032653896
Ukraine,UKR,2020,Urban population (% of total population),SP.URB.TOTL.IN.ZS,69.3839100516745
Ukraine,UKR,2019,Urban population (% of total population),SP.URB.TOTL.IN.ZS,69.3527648708735
Ukraine,UKR,2018,Urban population (% of total population),SP.URB.TOTL.IN.ZS,69.3157992777909
Ukraine,UKR,2017,Urban population (% of total population),SP.URB.TOTL.IN.ZS,69.2633108489282
Ukraine,UKR,2016,Urban population (% of total population),SP.URB.TOTL.IN.ZS,69.2102241609089
Ukraine,UKR,2015,Urban population (% of total population),SP.URB.TOTL.IN.ZS,69.1587317201337
Ukraine,UKR,2014,Urban population (% of total population),SP.URB.TOTL.IN.ZS,69.0554339301313
Ukraine,UKR,2013,Urban population (% of total population),SP.URB.TOTL.IN.ZS,68.9326288082226
Ukraine,UKR,2012,Urban population (% of total population),SP.URB.TOTL.IN.ZS,68.8241983107739
Ukraine,UKR,2011,Urban population (% of total population),SP.URB.TOTL.IN.ZS,68.7234299826222
Ukraine,UKR,2010,Urban population (% of total population),SP.URB.TOTL.IN.ZS,68.637397133357
Ukraine,UKR,2009,Urban population (% of total population),SP.URB.TOTL.IN.ZS,68.5251442249547
Ukraine,UKR,2008,Urban population (% of total population),SP.URB.TOTL.IN.ZS,68.3752085755346
Ukraine,UKR,2007,Urban population (% of total population),SP.URB.TOTL.IN.ZS,68.2102322372037
Ukraine,UKR,2006,Urban population (% of total population),SP.URB.TOTL.IN.ZS,68.0293347798948
Ukraine,UKR,2005,Urban population (% of total population),SP.URB.TOTL.IN.ZS,67.8136046317755
Ukraine,UKR,2004,Urban population (% of total population),SP.URB.TOTL.IN.ZS,67.5970968423685
Ukraine,UKR,2003,Urban population (% of total population),SP.URB.TOTL.IN.ZS,67.419679868405
Ukraine,UKR,2002,Urban population (% of total population),SP.URB.TOTL.IN.ZS,67.2672733350904
Ukraine,UKR,2001,Urban population (% of total population),SP.URB.TOTL.IN.ZS,67.2749805493459
Ukraine,UKR,2000,Urban population (% of total population),SP.URB.TOTL.IN.ZS,67.403857296906
Ukraine,UKR,1999,Urban population (% of total population),SP.URB.TOTL.IN.ZS,67.4811633424084
Ukraine,UKR,1998,Urban population (% of total population),SP.URB.TOTL.IN.ZS,67.5546753434196
Ukraine,UKR,1997,Urban population (% of total population),SP.URB.TOTL.IN.ZS,67.6298703351538
Ukraine,UKR,1996,Urban population (% of total population),SP.URB.TOTL.IN.ZS,67.7194202781316
Ukraine,UKR,1995,Urban population (% of total population),SP.URB.TOTL.IN.ZS,67.8409658081403
Ukraine,UKR,1994,Urban population (% of total population),SP.URB.TOTL.IN.ZS,67.9169130547952
Ukraine,UKR,1993,Urban population (% of total population),SP.URB.TOTL.IN.ZS,67.9179660907452
Ukraine,UKR,1992,Urban population (% of total population),SP.URB.TOTL.IN.ZS,67.8603420916046
Ukraine,UKR,1991,Urban population (% of total population),SP.URB.TOTL.IN.ZS,67.6912828510751
Ukraine,UKR,1990,Urban population (% of total population),SP.URB.TOTL.IN.ZS,67.4111923982858
Ukraine,UKR,1989,Urban population (% of total population),SP.URB.TOTL.IN.ZS,67.0863353465162
Ukraine,UKR,1988,Urban population (% of total population),SP.URB.TOTL.IN.ZS,66.628218774505
Ukraine,UKR,1987,Urban population (% of total population),SP.URB.TOTL.IN.ZS,66.0804397048418
Ukraine,UKR,1986,Urban population (% of total population),SP.URB.TOTL.IN.ZS,65.5440858114821
Ukraine,UKR,1985,Urban population (% of total population),SP.URB.TOTL.IN.ZS,65.014866177673
Ukraine,UKR,1984,Urban population (% of total population),SP.URB.TOTL.IN.ZS,64.4271407589836
Ukraine,UKR,1983,Urban population (% of total population),SP.URB.TOTL.IN.ZS,63.8079066911057
Ukraine,UKR,1982,Urban population (% of total population),SP.URB.TOTL.IN.ZS,63.246437978475
Ukraine,UKR,1981,Urban population (% of total population),SP.URB.TOTL.IN.ZS,62.7288754958342
Ukraine,UKR,1980,Urban population (% of total population),SP.URB.TOTL.IN.ZS,62.1819551984878
Ukraine,UKR,1979,Urban population (% of total population),SP.URB.TOTL.IN.ZS,61.617362590408
Ukraine,UKR,1978,Urban population (% of total population),SP.URB.TOTL.IN.ZS,60.9771965114583
Ukraine,UKR,1977,Urban population (% of total population),SP.URB.TOTL.IN.ZS,60.2480379350808
Ukraine,UKR,1976,Urban population (% of total population),SP.URB.TOTL.IN.ZS,59.5662723976872
Ukraine,UKR,1975,Urban population (% of total population),SP.URB.TOTL.IN.ZS,58.8329024703984
Ukraine,UKR,1974,Urban population (% of total population),SP.URB.TOTL.IN.ZS,58.0788108100062
Ukraine,UKR,1973,Urban population (% of total population),SP.URB.TOTL.IN.ZS,57.3777033266624
Ukraine,UKR,1972,Urban population (% of total population),SP.URB.TOTL.IN.ZS,56.6130998487527
Ukraine,UKR,1971,Urban population (% of total population),SP.URB.TOTL.IN.ZS,55.7139738427189
Ukraine,UKR,1970,Urban population (% of total population),SP.URB.TOTL.IN.ZS,54.8507705018545
Ukraine,UKR,1969,Urban population (% of total population),SP.URB.TOTL.IN.ZS,54.1032655841974
Ukraine,UKR,1968,Urban population (% of total population),SP.URB.TOTL.IN.ZS,53.2748925729774
Ukraine,UKR,1967,Urban population (% of total population),SP.URB.TOTL.IN.ZS,52.4327005277659
Ukraine,UKR,1966,Urban population (% of total population),SP.URB.TOTL.IN.ZS,51.6641592679496
Ukraine,UKR,1965,Urban population (% of total population),SP.URB.TOTL.IN.ZS,50.8808560985935
Ukraine,UKR,1964,Urban population (% of total population),SP.URB.TOTL.IN.ZS,50.123138326419
Ukraine,UKR,1963,Urban population (% of total population),SP.URB.TOTL.IN.ZS,49.4012129165921
Ukraine,UKR,1962,Urban population (% of total population),SP.URB.TOTL.IN.ZS,48.777573697208
Ukraine,UKR,1961,Urban population (% of total population),SP.URB.TOTL.IN.ZS,48.2363186434617
Ukraine,UKR,1960,Urban population (% of total population),SP.URB.TOTL.IN.ZS,47.3638340592036
